,State_Name,Route_Name,Route_Link,Bus_Name,Bus_Type,Departing_Time,Duration,Reaching_Time,Star_Rating,Price,Seats_Available
0,PEPSU,Patiala to Delhi,https://www.redbus.in/bus-tickets/patiala-to-delhi,PEPSU (Punjab) - 66687,Volvo AC Seater (2+2),18:10,06h 09m,00:19,3.8,692,35
1,PEPSU,Patiala to Delhi,https://www.redbus.in/bus-tickets/patiala-to-delhi,PEPSU (Punjab) - 67104,AC Seater Hvac 2+2,22:30,05h 01m,03:31,2.9,440,25
2,PEPSU,Delhi to Patiala,https://www.redbus.in/bus-tickets/delhi-to-patiala,PEPSU (Punjab) - 67140,AC Seater Hvac 2+2,16:30,05h 30m,22:00,3.2,440,40
3,PEPSU,Delhi to Patiala,https://www.redbus.in/bus-tickets/delhi-to-patiala,PEPSU (Punjab) - 66667,Volvo AC Seater (2+2),17:31,04h 59m,22:30,4.2,692,34
4,PEPSU,Delhi to Patiala,https://www.redbus.in/bus-tickets/delhi-to-patiala,PEPSU (Punjab) - 67103,AC Seater Hvac 2+2,22:31,05h 29m,04:00,3.3,440,37
5,PEPSU,Ludhiana to Delhi,https://www.redbus.in/bus-tickets/ludhiana-to-delhi,PEPSU (Punjab) - 67098,Volvo AC Seater (2+2),19:50,07h 35m,03:25,4.5,845,26
6,PEPSU,Ludhiana to Delhi,https://www.redbus.in/bus-tickets/ludhiana-to-delhi,PEPSU (Punjab) - 67128,Volvo AC Seater (2+2),20:50,05h 59m,02:49,4.6,845,34
7,PEPSU,Ludhiana to Delhi,https://www.redbus.in/bus-tickets/ludhiana-to-delhi,PEPSU (Punjab) - 67137,Volvo AC Seater (2+2),21:50,07h 05m,04:55,4.2,845,32
8,PEPSU,Ludhiana to Delhi,https://www.redbus.in/bus-tickets/ludhiana-to-delhi,Yolo Bus,VE A/C Seater / Sleeper (2+1),22:27,06h 33m,05:00,4.5,810,9
9,PEPSU,Ludhiana to Delhi,https://www.redbus.in/bus-tickets/ludhiana-to-delhi,Laxmi holidays,VE A/C Sleeper (2+1),23:55,06h 50m,06:45,4.5,760,21
10,PEPSU,Ludhiana to Delhi,https://www.redbus.in/bus-tickets/ludhiana-to-delhi,IntrCity SmartBus,A/C Seater / Sleeper (2+1),22:45,07h 35m,06:20,4.6,692,7
11,PEPSU,Ludhiana to Delhi,https://www.redbus.in/bus-tickets/ludhiana-to-delhi,AdArmaan Tour & Travels,A/C Seater / Sleeper (2+1),22:50,07h 10m,06:00,3.5,454,9
12,PEPSU,Ludhiana to Delhi,https://www.redbus.in/bus-tickets/ludhiana-to-delhi,IntrCity SmartBus,Bharat Benz A/C Seater /Sleeper (2+1),23:55,06h 10m,06:05,4.4,646,15
13,PEPSU,Ludhiana to Delhi,https://www.redbus.in/bus-tickets/ludhiana-to-delhi,NueGo,Electric A/C Seater (2+2),23:15,05h 50m,05:05,3.7,548,18
14,PEPSU,Ludhiana to Delhi,https://www.redbus.in/bus-tickets/ludhiana-to-delhi,Zingbus Plus,Bharat Benz A/C Seater /Sleeper (2+1),23:40,06h 20m,06:00,4.7,723,24
15,PEPSU,Ludhiana to Delhi,https://www.redbus.in/bus-tickets/ludhiana-to-delhi,AdIndia Tours & Travels (GetBookCab),A/C Semi Sleeper / Sleeper (2+2),00:55,05h 35m,06:30,2.8,559,3
16,PEPSU,Ludhiana to Delhi,https://www.redbus.in/bus-tickets/ludhiana-to-delhi,IntrCity SmartBus,AC Sleeper (2+1),22:50,06h 55m,05:45,4.3,581,11
17,PEPSU,Ludhiana to Delhi,https://www.redbus.in/bus-tickets/ludhiana-to-delhi,NueGo,Electric A/C Seater (2+2),18:00,05h 50m,23:50,3.5,510,9
18,PEPSU,Ludhiana to Delhi,https://www.redbus.in/bus-tickets/ludhiana-to-delhi,IntrCity SmartBus,A/C Seater / Sleeper (2+1),23:40,06h 20m,06:00,4.2,639,14
19,PEPSU,Ludhiana to Delhi,https://www.redbus.in/bus-tickets/ludhiana-to-delhi,Golden Temple Express Volvo,A/C Seater / Sleeper (2+2),23:25,05h 55m,05:20,4.2,699,21
20,PEPSU,Ludhiana to Delhi,https://www.redbus.in/bus-tickets/ludhiana-to-delhi,New Navyug Travels,A/C Sleeper (2+1),23:00,06h 30m,05:30,3.8,675,14
21,PEPSU,Ludhiana to Delhi,https://www.redbus.in/bus-tickets/ludhiana-to-delhi,Golden Temple Express Volvo,Volvo Multi-Axle A/C Semi Sleeper (2+2),23:58,06h 22m,06:20,3.2,699,17
22,PEPSU,Ludhiana to Delhi,https://www.redbus.in/bus-tickets/ludhiana-to-delhi,Classic Travels,A/C Seater / Sleeper (2+2),23:55,07h 00m,06:55,2.6,389,38
23,PEPSU,Ludhiana to Delhi,https://www.redbus.in/bus-tickets/ludhiana-to-delhi,IntrCity SmartBus,A/C Seater / Sleeper (2+1),23:45,06h 15m,06:00,3.7,998,6
24,PEPSU,Ludhiana to Delhi,https://www.redbus.in/bus-tickets/ludhiana-to-delhi,Golden Temple Express Volvo,A/C Seater / Sleeper (2+2),23:30,05h 50m,05:20,3.8,649,23
25,PEPSU,Ludhiana to Delhi,https://www.redbus.in/bus-tickets/ludhiana-to-delhi,ADTC tour and Travels,Bharat Benz A/C Seater /Sleeper (2+1),23:55,05h 20m,05:15,2.7,549,23
26,PEPSU,Ludhiana to Delhi,https://www.redbus.in/bus-tickets/ludhiana-to-delhi,ADTC tour and Travels,Volvo Multi-Axle I-Shift B11R Semi Sleeper (2+2),23:40,05h 30m,05:10,2.7,699,28
27,PEPSU,Ludhiana to Delhi,https://www.redbus.in/bus-tickets/ludhiana-to-delhi,IntrCity SmartBus,VE A/C Seater / Sleeper (2+1),23:45,06h 10m,05:55,4.4,685,13
28,PEPSU,Ludhiana to Delhi,https://www.redbus.in/bus-tickets/ludhiana-to-delhi,Muskan Tour And Travels private Limited,Volvo Multi-Axle I-Shift B11R Semi Sleeper (2+2),23:59,05h 56m,05:55,4.3,647,33
29,PEPSU,Ludhiana to Delhi,https://www.redbus.in/bus-tickets/ludhiana-to-delhi,NueGo,Electric A/C Seater (2+2),00:05,05h 50m,05:55,3.1,428,28
30,PEPSU,Ludhiana to Delhi,https://www.redbus.in/bus-tickets/ludhiana-to-delhi,Golden Temple Express Volvo,A/C Seater / Sleeper (2+2),23:58,06h 52m,06:50,3.7,989,1
31,PEPSU,Ludhiana to Delhi,https://www.redbus.in/bus-tickets/ludhiana-to-delhi,Classic Travels,A/C Seater / Sleeper (2+2),23:30,07h 00m,06:30,2.4,389,38
32,PEPSU,Ludhiana to Delhi,https://www.redbus.in/bus-tickets/ludhiana-to-delhi,Prince Travels,A/C Seater / Sleeper (2+2),00:50,05h 10m,06:00,3.1,599,42
33,PEPSU,Ludhiana to Delhi,https://www.redbus.in/bus-tickets/ludhiana-to-delhi,Golden Temple Express Volvo,A/C Seater / Sleeper (2+2),23:57,06h 53m,06:50,3.7,699,22
34,PEPSU,Ludhiana to Delhi,https://www.redbus.in/bus-tickets/ludhiana-to-delhi,Khurana Bus Service,Bharat Benz A/C Seater (2+2),15:25,06h 05m,21:30,3.1,549,5
35,PEPSU,Ludhiana to Delhi,https://www.redbus.in/bus-tickets/ludhiana-to-delhi,Golden Temple Express Volvo,A/C Seater / Sleeper (2+2),23:59,06h 31m,06:30,2.4,699,26
36,PEPSU,Ludhiana to Delhi,https://www.redbus.in/bus-tickets/ludhiana-to-delhi,MM Travels,A/C Seater / Sleeper (2+2),22:30,07h 30m,06:00,1.7,349,40
37,PEPSU,Ludhiana to Delhi,https://www.redbus.in/bus-tickets/ludhiana-to-delhi,Vijay Tour and Travels,AC Sleeper (2+1),17:50,07h 30m,01:20,2.2,833,11
38,PEPSU,Ludhiana to Delhi,https://www.redbus.in/bus-tickets/ludhiana-to-delhi,Travel Point,A/C Seater / Sleeper (2+2),23:25,05h 55m,05:20,3.5,759,42
39,PEPSU,Ludhiana to Delhi,https://www.redbus.in/bus-tickets/ludhiana-to-delhi,India Tours & Travels (GetBookCab),A/C Seater / Sleeper (2+2),00:40,05h 20m,06:00,2.8,399,15
40,PEPSU,Ludhiana to Delhi,https://www.redbus.in/bus-tickets/ludhiana-to-delhi,ADTC tour and Travels,Volvo Multi-Axle I-Shift B11R Semi Sleeper (2+2),23:50,05h 50m,05:40,2.7,600,16
41,PEPSU,Ludhiana to Delhi,https://www.redbus.in/bus-tickets/ludhiana-to-delhi,ADTC tour and Travels,Bharat Benz A/C Seater / Sleeper (2+2),23:55,05h 20m,05:15,2.7,1099,14
42,PEPSU,Delhi to Ludhiana,https://www.redbus.in/bus-tickets/delhi-to-ludhiana,PEPSU (Punjab) - 67132,Volvo AC Seater (2+2),17:40,06h 00m,23:40,3.2,845,38
43,PEPSU,Delhi to Ludhiana,https://www.redbus.in/bus-tickets/delhi-to-ludhiana,PEPSU (Punjab) - 67121,Volvo AC Seater (2+2),21:50,07h 00m,04:50,4.0,845,39
44,PEPSU,Delhi to Ludhiana,https://www.redbus.in/bus-tickets/delhi-to-ludhiana,RSRTC - 170038,Express Non AC Seater 2+3,16:00,07h 00m,23:00,2.2,395,37
45,PEPSU,Delhi to Ludhiana,https://www.redbus.in/bus-tickets/delhi-to-ludhiana,RSRTC - 156675,Express Non AC Seater 2+3,22:30,06h 45m,05:15,2.2,391,41
46,PEPSU,Delhi to Ludhiana,https://www.redbus.in/bus-tickets/delhi-to-ludhiana,Yolo Bus,VE A/C Seater / Sleeper (2+1),23:30,05h 54m,05:24,4.5,460,13
47,PEPSU,Delhi to Ludhiana,https://www.redbus.in/bus-tickets/delhi-to-ludhiana,Laxmi holidays,Bharat Benz A/C Seater /Sleeper (2+1),22:20,06h 40m,05:00,4.5,442,15
48,PEPSU,Delhi to Ludhiana,https://www.redbus.in/bus-tickets/delhi-to-ludhiana,IntrCity SmartBus,A/C Seater / Sleeper (2+1),21:45,07h 30m,05:15,4.7,455,18
49,PEPSU,Delhi to Ludhiana,https://www.redbus.in/bus-tickets/delhi-to-ludhiana,Laxmi holidays,Bharat Benz A/C Sleeper (2+1),23:40,07h 00m,06:40,4.3,637,17
50,PEPSU,Delhi to Ludhiana,https://www.redbus.in/bus-tickets/delhi-to-ludhiana,Laxmi holidays,Bharat Benz A/C Sleeper (2+1),23:30,06h 40m,06:10,4.4,542,25
51,PEPSU,Delhi to Ludhiana,https://www.redbus.in/bus-tickets/delhi-to-ludhiana,Laxmi holidays,VE A/C Sleeper (2+1),23:00,07h 00m,06:00,4.3,570,20
52,PEPSU,Delhi to Ludhiana,https://www.redbus.in/bus-tickets/delhi-to-ludhiana,Zingbus Plus,Bharat Benz A/C Seater /Sleeper (2+1),20:25,06h 00m,02:25,4.7,638,15
53,PEPSU,Delhi to Ludhiana,https://www.redbus.in/bus-tickets/delhi-to-ludhiana,IntrCity SmartBus,A/C Seater / Sleeper (2+1),20:15,08h 30m,04:45,4.2,421,15
54,PEPSU,Delhi to Ludhiana,https://www.redbus.in/bus-tickets/delhi-to-ludhiana,IntrCity SmartBus,A/C Seater / Sleeper (2+1),20:45,07h 35m,04:20,4.8,669,6
55,PEPSU,Delhi to Ludhiana,https://www.redbus.in/bus-tickets/delhi-to-ludhiana,IntrCity SmartBus,A/C Seater / Sleeper (2+1),22:45,07h 50m,06:35,4.5,496,10
56,PEPSU,Delhi to Ludhiana,https://www.redbus.in/bus-tickets/delhi-to-ludhiana,Yolo Bus,VE A/C Seater / Sleeper (2+1),22:00,06h 28m,04:28,4.1,410,23
57,PEPSU,Delhi to Ludhiana,https://www.redbus.in/bus-tickets/delhi-to-ludhiana,Zingbus Plus,Scania A/C Semi Sleeper (2+2),22:50,06h 35m,05:25,4.3,419,17
58,PEPSU,Delhi to Ludhiana,https://www.redbus.in/bus-tickets/delhi-to-ludhiana,IntrCity SmartBus,Bharat Benz A/C Seater /Sleeper (2+1),21:30,07h 20m,04:50,4.3,452,14
59,PEPSU,Delhi to Ludhiana,https://www.redbus.in/bus-tickets/delhi-to-ludhiana,IntrCity SmartBus,AC Sleeper (2+1),22:30,07h 40m,06:10,4.2,619,8
60,PEPSU,Delhi to Ludhiana,https://www.redbus.in/bus-tickets/delhi-to-ludhiana,IntrCity SmartBus,A/C Seater / Sleeper (2+1),21:30,08h 20m,05:50,4.3,490,17
61,PEPSU,Delhi to Ludhiana,https://www.redbus.in/bus-tickets/delhi-to-ludhiana,Golden Temple Express Volvo,A/C Seater / Sleeper (2+2),22:58,06h 22m,05:20,4.2,499,16
62,PEPSU,Delhi to Ludhiana,https://www.redbus.in/bus-tickets/delhi-to-ludhiana,IntrCity SmartBus,Bharat Benz A/C Seater /Sleeper (2+1),22:15,07h 30m,05:45,4.9,478,14
63,PEPSU,Delhi to Ludhiana,https://www.redbus.in/bus-tickets/delhi-to-ludhiana,Golden Temple Express Volvo,A/C Seater / Sleeper (2+2),22:55,06h 15m,05:10,4.6,499,18
64,PEPSU,Delhi to Ludhiana,https://www.redbus.in/bus-tickets/delhi-to-ludhiana,NueGo,Electric A/C Seater (2+2),18:00,06h 25m,00:25,3.2,428,16
65,PEPSU,Delhi to Ludhiana,https://www.redbus.in/bus-tickets/delhi-to-ludhiana,NueGo,Electric A/C Seater (2+2),23:00,06h 25m,05:25,2.9,428,30
66,PEPSU,Delhi to Ludhiana,https://www.redbus.in/bus-tickets/delhi-to-ludhiana,NueGo,Electric A/C Seater (2+2),23:50,06h 25m,06:15,2.8,444,30
67,PEPSU,Delhi to Ludhiana,https://www.redbus.in/bus-tickets/delhi-to-ludhiana,New Navyug Travels,A/C Sleeper (2+1),22:45,05h 45m,04:30,4.3,625,15
68,PEPSU,Delhi to Ludhiana,https://www.redbus.in/bus-tickets/delhi-to-ludhiana,IntrCity SmartBus,VE A/C Seater / Sleeper (2+1),22:30,07h 35m,06:05,4.3,490,20
69,PEPSU,Delhi to Ludhiana,https://www.redbus.in/bus-tickets/delhi-to-ludhiana,Golden Temple Volvo Bus Service,A/C Seater / Sleeper (2+2),23:40,05h 20m,05:00,2.5,686,39
70,PEPSU,Delhi to Ludhiana,https://www.redbus.in/bus-tickets/delhi-to-ludhiana,Zingbus Plus,Bharat Benz A/C Seater /Sleeper (2+1),21:55,07h 35m,05:30,3.7,416,24
71,PEPSU,Delhi to Ludhiana,https://www.redbus.in/bus-tickets/delhi-to-ludhiana,IntrCity SmartBus,A/C Seater / Sleeper (2+1),22:00,08h 10m,06:10,3.3,490,18
72,PEPSU,Delhi to Ludhiana,https://www.redbus.in/bus-tickets/delhi-to-ludhiana,NueGo,Electric A/C Seater/Sleeper (2+1),22:00,06h 40m,04:40,2.8,569,23
73,PEPSU,Delhi to Ludhiana,https://www.redbus.in/bus-tickets/delhi-to-ludhiana,Classic Travels,A/C Seater / Sleeper (2+2),22:05,07h 00m,05:05,3.1,599,22
74,PEPSU,Delhi to Ludhiana,https://www.redbus.in/bus-tickets/delhi-to-ludhiana,Muskan Tour And Travels private Limited,Volvo Multi-Axle I-Shift B11R Semi Sleeper (2+2),22:40,05h 20m,04:00,2.8,554,24
75,PEPSU,Delhi to Ludhiana,https://www.redbus.in/bus-tickets/delhi-to-ludhiana,Golden Temple Express Volvo,A/C Seater / Sleeper (2+2),22:50,05h 56m,04:46,2.9,499,26
76,PEPSU,Delhi to Ludhiana,https://www.redbus.in/bus-tickets/delhi-to-ludhiana,Banjara Satguru Travels,A/C Seater / Sleeper (2+2),22:50,06h 00m,04:50,1.6,496,29
77,PEPSU,Delhi to Ludhiana,https://www.redbus.in/bus-tickets/delhi-to-ludhiana,K.S Travels,A/C Semi Sleeper / Sleeper (2+2),23:00,06h 45m,05:45,3.4,700,40
78,PEPSU,Delhi to Ludhiana,https://www.redbus.in/bus-tickets/delhi-to-ludhiana,ADTC tour and Travels,Bharat Benz A/C Seater /Sleeper (2+1),22:40,05h 20m,04:00,3.2,499,26
79,PEPSU,Delhi to Ludhiana,https://www.redbus.in/bus-tickets/delhi-to-ludhiana,India Tours & Travels (GetBookCab),A/C Semi Sleeper / Sleeper (2+2),21:45,06h 55m,04:40,3.2,399,13
80,PEPSU,Delhi to Ludhiana,https://www.redbus.in/bus-tickets/delhi-to-ludhiana,CALL2TRIP,A/C Seater / Sleeper (2+2),22:40,06h 00m,04:40,3.0,594,44
81,PEPSU,Delhi to Ludhiana,https://www.redbus.in/bus-tickets/delhi-to-ludhiana,RK Holiday,A/C Seater / Sleeper (2+2),18:40,05h 40m,00:20,2.9,474,33
82,PEPSU,Delhi to Ludhiana,https://www.redbus.in/bus-tickets/delhi-to-ludhiana,NEW KING BUS SERVICE,A/C Seater / Sleeper (2+2),22:50,05h 45m,04:35,3.3,499,26
83,PEPSU,Delhi to Ludhiana,https://www.redbus.in/bus-tickets/delhi-to-ludhiana,ADTC tour and Travels,Volvo Multi-Axle I-Shift B11R Semi Sleeper (2+2),22:25,05h 35m,04:00,3.2,600,31
84,PEPSU,Delhi to Ludhiana,https://www.redbus.in/bus-tickets/delhi-to-ludhiana,India Tours & Travels (GetBookCab),A/C Seater / Sleeper (2+2),21:30,07h 00m,04:30,3.2,399,25
85,PEPSU,Delhi to Ludhiana,https://www.redbus.in/bus-tickets/delhi-to-ludhiana,New National Travels,A/C Seater / Sleeper (2+2),23:00,06h 00m,05:00,2.8,449,34
86,PEPSU,Delhi to Ludhiana,https://www.redbus.in/bus-tickets/delhi-to-ludhiana,Maheshwaram Travels,A/C Seater / Sleeper (2+2),21:00,07h 00m,04:00,2.0,666,33
87,PEPSU,Delhi to Ludhiana,https://www.redbus.in/bus-tickets/delhi-to-ludhiana,Banjara Satguru Travels,A/C Seater / Sleeper (2+2),23:35,05h 30m,05:05,1.4,496,35
88,PEPSU,Delhi to Ludhiana,https://www.redbus.in/bus-tickets/delhi-to-ludhiana,Ram Dalal Holidays,Bharat Benz A/C Sleeper (2+1),23:00,07h 00m,06:00,4.5,509,26
89,PEPSU,Delhi to Ludhiana,https://www.redbus.in/bus-tickets/delhi-to-ludhiana,FlixBus,A/C Sleeper (2+1),21:00,07h 15m,04:15,4.6,515,5
90,PEPSU,Delhi to Ludhiana,https://www.redbus.in/bus-tickets/delhi-to-ludhiana,FlixBus,A/C Sleeper (2+1),22:30,06h 55m,05:25,4.6,485,17
91,PEPSU,Delhi to Ludhiana,https://www.redbus.in/bus-tickets/delhi-to-ludhiana,FlixBus,A/C Sleeper (2+1),18:30,07h 15m,01:45,4.6,485,11
92,PEPSU,Delhi to Ludhiana,https://www.redbus.in/bus-tickets/delhi-to-ludhiana,Banjara Satguru Travels,A/C Seater / Sleeper (2+1),22:40,06h 06m,04:46,1.5,629,38
93,PEPSU,Delhi to Ludhiana,https://www.redbus.in/bus-tickets/delhi-to-ludhiana,Travel Point,A/C Seater / Sleeper (2+2),21:00,05h 21m,02:21,3.5,759,50
94,PEPSU,Delhi to Ludhiana,https://www.redbus.in/bus-tickets/delhi-to-ludhiana,ADTC tour and Travels,Bharat Benz A/C Seater / Sleeper (2+2),22:30,05h 25m,03:55,3.2,600,18
95,PEPSU,Delhi to Ludhiana,https://www.redbus.in/bus-tickets/delhi-to-ludhiana,Travel Point World LLP,A/C Seater / Sleeper (2+2),22:15,05h 45m,04:00,1.5,664,28
96,PEPSU,Delhi to Ludhiana,https://www.redbus.in/bus-tickets/delhi-to-ludhiana,Banjara Satguru Travels,A/C Seater / Sleeper (2+2),22:40,06h 06m,04:46,1.5,629,33
97,PEPSU,Phagwara to Delhi,https://www.redbus.in/bus-tickets/phagwara-to-delhi,PEPSU (Punjab) - 67098,Volvo AC Seater (2+2),18:35,08h 50m,03:25,4.3,954,27
98,PEPSU,Phagwara to Delhi,https://www.redbus.in/bus-tickets/phagwara-to-delhi,PEPSU (Punjab) - 67128,Volvo AC Seater (2+2),19:30,08h 20m,03:50,4.3,954,37
99,PEPSU,Phagwara to Delhi,https://www.redbus.in/bus-tickets/phagwara-to-delhi,PEPSU (Punjab) - 67137,Volvo AC Seater (2+2),20:00,08h 55m,04:55,4.5,954,35
100,PEPSU,Phagwara to Delhi,https://www.redbus.in/bus-tickets/phagwara-to-delhi,IntrCity SmartBus,A/C Seater / Sleeper (2+1),23:20,07h 10m,06:30,4.6,615,18
101,PEPSU,Phagwara to Delhi,https://www.redbus.in/bus-tickets/phagwara-to-delhi,Laxmi holidays,Bharat Benz A/C Seater /Sleeper (2+1),21:20,07h 25m,04:45,4.4,608,15
102,PEPSU,Phagwara to Delhi,https://www.redbus.in/bus-tickets/phagwara-to-delhi,Laxmi holidays,VE A/C Sleeper (2+1),23:10,07h 35m,06:45,4.6,760,21
103,PEPSU,Phagwara to Delhi,https://www.redbus.in/bus-tickets/phagwara-to-delhi,Laxmi holidays,Bharat Benz A/C Seater /Sleeper (2+1),22:40,07h 40m,06:20,4.4,527,29
104,PEPSU,Phagwara to Delhi,https://www.redbus.in/bus-tickets/phagwara-to-delhi,Yolo Bus,VE A/C Seater / Sleeper (2+1),21:37,07h 23m,05:00,4.8,560,11
105,PEPSU,Phagwara to Delhi,https://www.redbus.in/bus-tickets/phagwara-to-delhi,Golden Temple Express Volvo,Volvo Multi-Axle A/C Semi Sleeper (2+2),23:40,06h 40m,06:20,4.3,699,17
106,PEPSU,Phagwara to Delhi,https://www.redbus.in/bus-tickets/phagwara-to-delhi,New Navyug Travels,A/C Sleeper (2+1),22:00,07h 30m,05:30,4.5,675,14
107,PEPSU,Phagwara to Delhi,https://www.redbus.in/bus-tickets/phagwara-to-delhi,Laxmi holidays,Bharat Benz A/C Sleeper (2+1),23:35,07h 25m,07:00,4.5,760,17
108,PEPSU,Phagwara to Delhi,https://www.redbus.in/bus-tickets/phagwara-to-delhi,IntrCity SmartBus,A/C Seater / Sleeper (2+1),22:35,07h 25m,06:00,4.8,998,6
109,PEPSU,Phagwara to Delhi,https://www.redbus.in/bus-tickets/phagwara-to-delhi,IntrCity SmartBus,A/C Seater / Sleeper (2+1),21:55,08h 25m,06:20,4.3,692,8
110,PEPSU,Phagwara to Delhi,https://www.redbus.in/bus-tickets/phagwara-to-delhi,IntrCity SmartBus,Bharat Benz A/C Seater /Sleeper (2+1),22:55,07h 10m,06:05,4.1,613,15
111,PEPSU,Phagwara to Delhi,https://www.redbus.in/bus-tickets/phagwara-to-delhi,Golden Temple Express Volvo,A/C Seater / Sleeper (2+2),22:40,06h 40m,05:20,3.9,649,23
112,PEPSU,Phagwara to Delhi,https://www.redbus.in/bus-tickets/phagwara-to-delhi,Muskan Tour And Travels private Limited,Volvo Multi-Axle I-Shift B11R Semi Sleeper (2+2),23:55,06h 00m,05:55,3.8,647,33
113,PEPSU,Phagwara to Delhi,https://www.redbus.in/bus-tickets/phagwara-to-delhi,IntrCity SmartBus,Bharat Benz A/C Seater /Sleeper (2+1),23:45,07h 00m,06:45,4.0,678,15
114,PEPSU,Phagwara to Delhi,https://www.redbus.in/bus-tickets/phagwara-to-delhi,IntrCity SmartBus,A/C Seater / Sleeper (2+1),22:45,07h 15m,06:00,4.2,639,16
115,PEPSU,Phagwara to Delhi,https://www.redbus.in/bus-tickets/phagwara-to-delhi,Khurana Bus Service,Volvo A/C (2+2),18:55,07h 45m,02:40,3.2,807,5
116,PEPSU,Phagwara to Delhi,https://www.redbus.in/bus-tickets/phagwara-to-delhi,Golden Temple Express Volvo,A/C Seater / Sleeper (2+2),22:45,06h 35m,05:20,2.9,699,36
117,PEPSU,Phagwara to Delhi,https://www.redbus.in/bus-tickets/phagwara-to-delhi,ADTC tour and Travels,Volvo Multi-Axle I-Shift B11R Semi Sleeper (2+2),22:55,06h 15m,05:10,3.3,699,33
118,PEPSU,Phagwara to Delhi,https://www.redbus.in/bus-tickets/phagwara-to-delhi,Zingbus Plus,Scania A/C Semi Sleeper (2+2),23:10,07h 45m,06:55,5.0,522,30
119,PEPSU,Phagwara to Delhi,https://www.redbus.in/bus-tickets/phagwara-to-delhi,IntrCity SmartBus,A/C Seater / Sleeper (2+1),23:55,07h 15m,07:10,4.4,794,14
120,PEPSU,Phagwara to Delhi,https://www.redbus.in/bus-tickets/phagwara-to-delhi,IntrCity SmartBus,VE A/C Seater / Sleeper (2+1),22:55,07h 00m,05:55,4.4,685,13
121,PEPSU,Phagwara to Delhi,https://www.redbus.in/bus-tickets/phagwara-to-delhi,Zingbus Plus,Bharat Benz A/C Seater /Sleeper (2+1),22:35,07h 25m,06:00,4.3,653,29
122,PEPSU,Phagwara to Delhi,https://www.redbus.in/bus-tickets/phagwara-to-delhi,India Tours & Travels (GetBookCab),A/C Semi Sleeper / Sleeper (2+2),00:30,06h 00m,06:30,3.9,559,3
123,PEPSU,Phagwara to Delhi,https://www.redbus.in/bus-tickets/phagwara-to-delhi,IntrCity SmartBus,AC Sleeper (2+1),21:55,07h 50m,05:45,4.7,581,12
124,PEPSU,Phagwara to Delhi,https://www.redbus.in/bus-tickets/phagwara-to-delhi,Golden Temple Express Volvo,A/C Seater / Sleeper (2+2),23:55,06h 55m,06:50,3.7,989,32
125,PEPSU,Phagwara to Delhi,https://www.redbus.in/bus-tickets/phagwara-to-delhi,ADTC tour and Travels,Bharat Benz A/C Seater /Sleeper (2+1),23:35,05h 40m,05:15,3.3,549,28
126,PEPSU,Phagwara to Delhi,https://www.redbus.in/bus-tickets/phagwara-to-delhi,Prince Travels,A/C Seater / Sleeper (2+2),23:55,06h 05m,06:00,3.1,599,42
127,PEPSU,Phagwara to Delhi,https://www.redbus.in/bus-tickets/phagwara-to-delhi,Vijay Tour and Travels,AC Sleeper (2+1),17:00,08h 40m,01:40,2.8,1018,34
128,PEPSU,Phagwara to Delhi,https://www.redbus.in/bus-tickets/phagwara-to-delhi,Vijay Tour and Travels,AC Sleeper (2+1),16:40,08h 40m,01:20,2.8,1110,11
129,PEPSU,Phagwara to Delhi,https://www.redbus.in/bus-tickets/phagwara-to-delhi,Golden Temple Express Volvo,A/C Seater / Sleeper (2+2),23:57,06h 33m,06:30,2.3,699,34
130,PEPSU,Phagwara to Delhi,https://www.redbus.in/bus-tickets/phagwara-to-delhi,Golden Temple Express Volvo,A/C Seater / Sleeper (2+2),23:55,06h 55m,06:50,2.0,699,34
131,PEPSU,Phagwara to Delhi,https://www.redbus.in/bus-tickets/phagwara-to-delhi,India Tours & Travels (GetBookCab),A/C Seater / Sleeper (2+2),00:15,05h 45m,06:00,3.9,399,15
132,PEPSU,Phagwara to Delhi,https://www.redbus.in/bus-tickets/phagwara-to-delhi,ADTC tour and Travels,Bharat Benz A/C Seater / Sleeper (2+2),23:25,05h 50m,05:15,3.3,1099,14
133,PEPSU,Phagwara to Delhi,https://www.redbus.in/bus-tickets/phagwara-to-delhi,ADTC tour and Travels,Volvo Multi-Axle I-Shift B11R Semi Sleeper (2+2),23:05,06h 35m,05:40,3.3,600,9
134,PEPSU,Phagwara to Delhi,https://www.redbus.in/bus-tickets/phagwara-to-delhi,SHREE SATGURU TRAVELS,A/C Seater / Sleeper (2+2),23:58,06h 02m,06:00,2.8,599,38
135,PEPSU,Jalandhar to Delhi,https://www.redbus.in/bus-tickets/jalandhar-to-delhi,PEPSU (Punjab) - 67098,Volvo AC Seater (2+2),18:10,09h 15m,03:25,4.1,1007,26
136,PEPSU,Jalandhar to Delhi,https://www.redbus.in/bus-tickets/jalandhar-to-delhi,PEPSU (Punjab) - 67128,Volvo AC Seater (2+2),19:10,07h 39m,02:49,4.1,1007,34
137,PEPSU,Jalandhar to Delhi,https://www.redbus.in/bus-tickets/jalandhar-to-delhi,IntrCity SmartBus,A/C Seater / Sleeper (2+1),23:10,07h 20m,06:30,4.6,619,18
138,PEPSU,Jalandhar to Delhi,https://www.redbus.in/bus-tickets/jalandhar-to-delhi,Yolo Bus,VE A/C Seater / Sleeper (2+1),23:26,07h 02m,06:28,4.5,490,11
139,PEPSU,Jalandhar to Delhi,https://www.redbus.in/bus-tickets/jalandhar-to-delhi,Laxmi holidays,VE A/C Sleeper (2+1),23:05,07h 40m,06:45,4.5,760,21
140,PEPSU,Jalandhar to Delhi,https://www.redbus.in/bus-tickets/jalandhar-to-delhi,AdNew Navyug Travels,A/C Sleeper (2+1),21:50,07h 40m,05:30,4.1,675,14
141,PEPSU,Jalandhar to Delhi,https://www.redbus.in/bus-tickets/jalandhar-to-delhi,Laxmi holidays,Bharat Benz A/C Seater /Sleeper (2+1),21:05,07h 40m,04:45,4.4,608,15
142,PEPSU,Jalandhar to Delhi,https://www.redbus.in/bus-tickets/jalandhar-to-delhi,Zingbus Plus,Scania A/C Semi Sleeper (2+2),22:50,08h 05m,06:55,4.7,618,29
143,PEPSU,Jalandhar to Delhi,https://www.redbus.in/bus-tickets/jalandhar-to-delhi,Yolo Bus,VE A/C Seater / Sleeper (2+1),21:11,07h 49m,05:00,4.3,850,9
144,PEPSU,Jalandhar to Delhi,https://www.redbus.in/bus-tickets/jalandhar-to-delhi,AdIndia Tours & Travels (GetBookCab),A/C Semi Sleeper / Sleeper (2+2),00:15,06h 15m,06:30,4.7,559,3
145,PEPSU,Jalandhar to Delhi,https://www.redbus.in/bus-tickets/jalandhar-to-delhi,IntrCity SmartBus,A/C Seater / Sleeper (2+1),22:30,07h 30m,06:00,4.3,765,14
146,PEPSU,Jalandhar to Delhi,https://www.redbus.in/bus-tickets/jalandhar-to-delhi,Laxmi holidays,Bharat Benz A/C Sleeper (2+1),23:55,07h 35m,07:30,4.4,1026,10
147,PEPSU,Jalandhar to Delhi,https://www.redbus.in/bus-tickets/jalandhar-to-delhi,Golden Temple Express Volvo,Volvo Multi-Axle A/C Semi Sleeper (2+2),23:30,06h 50m,06:20,4.3,699,17
148,PEPSU,Jalandhar to Delhi,https://www.redbus.in/bus-tickets/jalandhar-to-delhi,Laxmi holidays,Bharat Benz A/C Sleeper (2+1),23:25,07h 35m,07:00,4.2,760,17
149,PEPSU,Jalandhar to Delhi,https://www.redbus.in/bus-tickets/jalandhar-to-delhi,Laxmi holidays,Bharat Benz A/C Seater /Sleeper (2+1),22:35,07h 45m,06:20,4.1,527,29
150,PEPSU,Jalandhar to Delhi,https://www.redbus.in/bus-tickets/jalandhar-to-delhi,SHRI BALAJII TRAVELS,Volvo A/C Semi Sleeper (2+2),23:00,07h 15m,06:15,0.0,4000,32
151,PEPSU,Jalandhar to Delhi,https://www.redbus.in/bus-tickets/jalandhar-to-delhi,IntrCity SmartBus,Bharat Benz A/C Seater /Sleeper (2+1),22:45,07h 20m,06:05,4.1,649,15
152,PEPSU,Jalandhar to Delhi,https://www.redbus.in/bus-tickets/jalandhar-to-delhi,IntrCity SmartBus,A/C Seater / Sleeper (2+1),21:20,09h 00m,06:20,4.3,696,7
153,PEPSU,Jalandhar to Delhi,https://www.redbus.in/bus-tickets/jalandhar-to-delhi,IntrCity SmartBus,A/C Seater / Sleeper (2+1),23:55,07h 20m,07:15,4.0,1401,2
154,PEPSU,Jalandhar to Delhi,https://www.redbus.in/bus-tickets/jalandhar-to-delhi,IntrCity SmartBus,AC Sleeper (2+1),21:30,08h 15m,05:45,4.4,592,11
155,PEPSU,Jalandhar to Delhi,https://www.redbus.in/bus-tickets/jalandhar-to-delhi,R S YADAV SMART BUS PRIVATE LIMITED,Volvo Multi Axle B11R AC Seater\Sleeper (2+1),22:55,06h 40m,05:35,4.3,599,7
156,PEPSU,Jalandhar to Delhi,https://www.redbus.in/bus-tickets/jalandhar-to-delhi,IntrCity SmartBus,Bharat Benz A/C Seater /Sleeper (2+1),23:35,07h 10m,06:45,4.1,641,15
157,PEPSU,Jalandhar to Delhi,https://www.redbus.in/bus-tickets/jalandhar-to-delhi,Golden Temple Express Volvo,A/C Seater / Sleeper (2+2),22:30,06h 50m,05:20,3.9,699,25
158,PEPSU,Jalandhar to Delhi,https://www.redbus.in/bus-tickets/jalandhar-to-delhi,Golden Temple Express Volvo,A/C Seater / Sleeper (2+2),22:30,06h 50m,05:20,4.0,649,20
159,PEPSU,Jalandhar to Delhi,https://www.redbus.in/bus-tickets/jalandhar-to-delhi,Zingbus Plus,Bharat Benz A/C Seater /Sleeper (2+1),22:25,07h 35m,06:00,4.3,660,21
160,PEPSU,Jalandhar to Delhi,https://www.redbus.in/bus-tickets/jalandhar-to-delhi,IntrCity SmartBus,A/C Seater / Sleeper (2+1),22:15,07h 45m,06:00,4.4,1003,6
161,PEPSU,Jalandhar to Delhi,https://www.redbus.in/bus-tickets/jalandhar-to-delhi,Muskan Tour And Travels private Limited,Volvo Multi-Axle I-Shift B11R Semi Sleeper (2+2),23:35,06h 20m,05:55,4.5,647,33
162,PEPSU,Jalandhar to Delhi,https://www.redbus.in/bus-tickets/jalandhar-to-delhi,ADTC tour and Travels,Volvo Multi-Axle I-Shift B11R Semi Sleeper (2+2),22:40,06h 30m,05:10,3.6,699,26
163,PEPSU,Jalandhar to Delhi,https://www.redbus.in/bus-tickets/jalandhar-to-delhi,Khurana Bus Service,Volvo A/C (2+2),18:35,08h 05m,02:40,2.8,849,3
164,PEPSU,Jalandhar to Delhi,https://www.redbus.in/bus-tickets/jalandhar-to-delhi,ADTC tour and Travels,Bharat Benz A/C Seater /Sleeper (2+1),23:10,06h 05m,05:15,2.5,549,23
165,PEPSU,Jalandhar to Delhi,https://www.redbus.in/bus-tickets/jalandhar-to-delhi,Lavish Travels,A/C Seater / Sleeper (2+2),23:40,05h 50m,05:30,2.7,739,5
166,PEPSU,Jalandhar to Delhi,https://www.redbus.in/bus-tickets/jalandhar-to-delhi,IntrCity SmartBus,VE A/C Seater / Sleeper (2+1),22:40,07h 15m,05:55,4.3,661,12
167,PEPSU,Jalandhar to Delhi,https://www.redbus.in/bus-tickets/jalandhar-to-delhi,IntrCity SmartBus,A/C Seater / Sleeper (2+1),23:30,07h 40m,07:10,4.3,794,14
168,PEPSU,Jalandhar to Delhi,https://www.redbus.in/bus-tickets/jalandhar-to-delhi,Golden Temple Express Volvo,A/C Seater / Sleeper (2+2),23:50,07h 00m,06:50,3.9,989,1
169,PEPSU,Jalandhar to Delhi,https://www.redbus.in/bus-tickets/jalandhar-to-delhi,Prince Travels,A/C Seater / Sleeper (2+2),23:45,06h 15m,06:00,3.1,599,42
170,PEPSU,Jalandhar to Delhi,https://www.redbus.in/bus-tickets/jalandhar-to-delhi,Golden Temple Express Volvo,A/C Seater / Sleeper (2+2),23:54,06h 36m,06:30,3.1,699,18
171,PEPSU,Jalandhar to Delhi,https://www.redbus.in/bus-tickets/jalandhar-to-delhi,India Tours & Travels (GetBookCab),A/C Seater / Sleeper (2+2),23:55,06h 05m,06:00,3.7,399,15
172,PEPSU,Jalandhar to Delhi,https://www.redbus.in/bus-tickets/jalandhar-to-delhi,ADTC tour and Travels,Volvo Multi-Axle I-Shift B11R Semi Sleeper (2+2),22:50,06h 50m,05:40,3.9,600,15
173,PEPSU,Jalandhar to Delhi,https://www.redbus.in/bus-tickets/jalandhar-to-delhi,FlixBus,A/C Sleeper (2+1),23:30,07h 05m,06:35,2.8,919,4
174,PEPSU,Jalandhar to Delhi,https://www.redbus.in/bus-tickets/jalandhar-to-delhi,Golden Temple Express Volvo,A/C Seater / Sleeper (2+2),23:50,07h 00m,06:50,1.8,699,22
175,PEPSU,Jalandhar to Delhi,https://www.redbus.in/bus-tickets/jalandhar-to-delhi,Travel Point,A/C Seater / Sleeper (2+2),22:25,06h 55m,05:20,2.7,759,42
176,PEPSU,Jalandhar to Delhi,https://www.redbus.in/bus-tickets/jalandhar-to-delhi,SHREE SATGURU TRAVELS,A/C Seater / Sleeper (2+2),23:50,06h 10m,06:00,1.3,599,38
177,PEPSU,Jalandhar to Delhi,https://www.redbus.in/bus-tickets/jalandhar-to-delhi,Vijay Tour and Travels,AC Sleeper (2+1),16:20,09h 00m,01:20,2.3,1018,13
178,PEPSU,Jalandhar to Delhi,https://www.redbus.in/bus-tickets/jalandhar-to-delhi,K.S Travels,A/C Semi Sleeper / Sleeper (2+2),23:30,06h 00m,05:30,2.4,600,48
179,PEPSU,Jalandhar to Delhi,https://www.redbus.in/bus-tickets/jalandhar-to-delhi,ADTC tour and Travels,Bharat Benz A/C Seater / Sleeper (2+2),23:00,06h 15m,05:15,3.3,600,20
180,PEPSU,Jalandhar to Delhi,https://www.redbus.in/bus-tickets/jalandhar-to-delhi,Ashok Travels,A/C Seater / Sleeper (2+2),23:00,07h 00m,06:00,2.5,1195,52
181,PEPSU,Delhi to Jalandhar,https://www.redbus.in/bus-tickets/delhi-to-jalandhar,PEPSU (Punjab) - 67132,Volvo AC Seater (2+2),17:40,07h 10m,00:50,3.9,1007,38
182,PEPSU,Delhi to Jalandhar,https://www.redbus.in/bus-tickets/delhi-to-jalandhar,PEPSU (Punjab) - 67121,Volvo AC Seater (2+2),21:50,08h 30m,06:20,3.9,1007,39
183,PEPSU,Delhi to Jalandhar,https://www.redbus.in/bus-tickets/delhi-to-jalandhar,Laxmi holidays,Bharat Benz A/C Seater /Sleeper (2+1),22:20,07h 20m,05:40,4.6,442,15
184,PEPSU,Delhi to Jalandhar,https://www.redbus.in/bus-tickets/delhi-to-jalandhar,IntrCity SmartBus,A/C Seater / Sleeper (2+1),22:45,08h 55m,07:40,4.6,496,10
185,PEPSU,Delhi to Jalandhar,https://www.redbus.in/bus-tickets/delhi-to-jalandhar,IntrCity SmartBus,A/C Seater / Sleeper (2+1),21:45,08h 45m,06:30,4.6,455,18
186,PEPSU,Delhi to Jalandhar,https://www.redbus.in/bus-tickets/delhi-to-jalandhar,Yolo Bus,VE A/C Seater / Sleeper (2+1),23:30,06h 59m,06:29,4.5,460,12
187,PEPSU,Delhi to Jalandhar,https://www.redbus.in/bus-tickets/delhi-to-jalandhar,Yolo Bus,VE A/C Seater / Sleeper (2+1),22:00,07h 42m,05:42,4.4,400,12
188,PEPSU,Delhi to Jalandhar,https://www.redbus.in/bus-tickets/delhi-to-jalandhar,IntrCity SmartBus,Bharat Benz A/C Seater /Sleeper (2+1),21:30,08h 25m,05:55,4.5,452,12
189,PEPSU,Delhi to Jalandhar,https://www.redbus.in/bus-tickets/delhi-to-jalandhar,Laxmi holidays,Bharat Benz A/C Seater /Sleeper (2+1),22:00,08h 00m,06:00,4.4,399,20
190,PEPSU,Delhi to Jalandhar,https://www.redbus.in/bus-tickets/delhi-to-jalandhar,Laxmi holidays,Bharat Benz A/C Sleeper (2+1),23:40,07h 50m,07:30,4.3,583,17
191,PEPSU,Delhi to Jalandhar,https://www.redbus.in/bus-tickets/delhi-to-jalandhar,IntrCity SmartBus,AC Sleeper (2+1),22:30,08h 40m,07:10,4.3,619,8
192,PEPSU,Delhi to Jalandhar,https://www.redbus.in/bus-tickets/delhi-to-jalandhar,IntrCity SmartBus,A/C Seater / Sleeper (2+1),20:15,09h 40m,05:55,4.3,421,15
193,PEPSU,Delhi to Jalandhar,https://www.redbus.in/bus-tickets/delhi-to-jalandhar,Laxmi holidays,Bharat Benz A/C Sleeper (2+1),23:30,07h 40m,07:10,4.2,570,25
194,PEPSU,Delhi to Jalandhar,https://www.redbus.in/bus-tickets/delhi-to-jalandhar,Zingbus Plus,Bharat Benz A/C Seater /Sleeper (2+1),20:25,07h 10m,03:35,4.3,638,16
195,PEPSU,Delhi to Jalandhar,https://www.redbus.in/bus-tickets/delhi-to-jalandhar,Laxmi holidays,VE A/C Sleeper (2+1),23:00,08h 10m,07:10,4.1,570,20
196,PEPSU,Delhi to Jalandhar,https://www.redbus.in/bus-tickets/delhi-to-jalandhar,Zingbus Plus,Scania A/C Semi Sleeper (2+2),22:50,07h 30m,06:20,4.5,418,15
197,PEPSU,Delhi to Jalandhar,https://www.redbus.in/bus-tickets/delhi-to-jalandhar,IntrCity SmartBus,A/C Seater / Sleeper (2+1),20:45,08h 45m,05:30,4.1,669,6
198,PEPSU,Delhi to Jalandhar,https://www.redbus.in/bus-tickets/delhi-to-jalandhar,Golden Temple Express Volvo,A/C Seater / Sleeper (2+2),22:58,06h 57m,05:55,4.0,499,16
199,PEPSU,Delhi to Jalandhar,https://www.redbus.in/bus-tickets/delhi-to-jalandhar,New Navyug Travels,A/C Sleeper (2+1),22:45,07h 25m,06:10,4.1,625,15
200,PEPSU,Delhi to Jalandhar,https://www.redbus.in/bus-tickets/delhi-to-jalandhar,CAPITAL HOLIDAYS,A/C Seater / Sleeper (2+2),17:00,07h 30m,00:30,0.0,539,34
201,PEPSU,Delhi to Jalandhar,https://www.redbus.in/bus-tickets/delhi-to-jalandhar,CAPITAL HOLIDAYS,A/C Seater / Sleeper (2+2),20:30,07h 30m,04:00,0.0,539,36
202,PEPSU,Delhi to Jalandhar,https://www.redbus.in/bus-tickets/delhi-to-jalandhar,CAPITAL HOLIDAYS,A/C Seater / Sleeper (2+2),22:30,07h 30m,06:00,0.0,539,38
203,PEPSU,Delhi to Jalandhar,https://www.redbus.in/bus-tickets/delhi-to-jalandhar,R S YADAV SMART BUS PRIVATE LIMITED,Volvo Multi Axle B11R AC Seater\Sleeper (2+1),22:30,07h 21m,05:51,4.5,599,24
204,PEPSU,Delhi to Jalandhar,https://www.redbus.in/bus-tickets/delhi-to-jalandhar,IntrCity SmartBus,Bharat Benz A/C Seater /Sleeper (2+1),22:15,08h 55m,07:10,4.3,478,14
205,PEPSU,Delhi to Jalandhar,https://www.redbus.in/bus-tickets/delhi-to-jalandhar,IntrCity SmartBus,A/C Seater / Sleeper (2+1),22:00,09h 25m,07:25,4.6,490,18
206,PEPSU,Delhi to Jalandhar,https://www.redbus.in/bus-tickets/delhi-to-jalandhar,IntrCity SmartBus,A/C Seater / Sleeper (2+1),21:30,09h 35m,07:05,4.0,490,17
207,PEPSU,Delhi to Jalandhar,https://www.redbus.in/bus-tickets/delhi-to-jalandhar,Laxmi holidays,Volvo 9600 Multi-Axle A/C Sleeper (2+1),18:30,07h 30m,02:00,4.0,950,15
208,PEPSU,Delhi to Jalandhar,https://www.redbus.in/bus-tickets/delhi-to-jalandhar,Ram Dalal Holidays,A/C Seater/Sleeper (2+1),18:30,07h 30m,02:00,4.8,495,18
209,PEPSU,Delhi to Jalandhar,https://www.redbus.in/bus-tickets/delhi-to-jalandhar,IntrCity SmartBus,VE A/C Seater / Sleeper (2+1),22:30,08h 50m,07:20,4.7,490,20
210,PEPSU,Delhi to Jalandhar,https://www.redbus.in/bus-tickets/delhi-to-jalandhar,Muskan Tour And Travels private Limited,Volvo Multi-Axle I-Shift B11R Semi Sleeper (2+2),22:40,06h 30m,05:10,3.9,554,24
211,PEPSU,Delhi to Jalandhar,https://www.redbus.in/bus-tickets/delhi-to-jalandhar,Golden Temple Express Volvo,A/C Seater / Sleeper (2+2),22:55,07h 20m,06:15,3.1,499,18
212,PEPSU,Delhi to Jalandhar,https://www.redbus.in/bus-tickets/delhi-to-jalandhar,India Tours & Travels (GetBookCab),A/C Semi Sleeper / Sleeper (2+2),21:45,08h 25m,06:10,4.2,399,13
213,PEPSU,Delhi to Jalandhar,https://www.redbus.in/bus-tickets/delhi-to-jalandhar,Zingbus Plus,Bharat Benz A/C Seater /Sleeper (2+1),21:55,08h 35m,06:30,4.4,464,23
214,PEPSU,Delhi to Jalandhar,https://www.redbus.in/bus-tickets/delhi-to-jalandhar,NueGo,Electric A/C Seater/Sleeper (2+1),22:00,08h 25m,06:25,3.1,569,25
215,PEPSU,Delhi to Jalandhar,https://www.redbus.in/bus-tickets/delhi-to-jalandhar,Golden Temple Volvo Bus Service,A/C Seater / Sleeper (2+2),23:40,07h 35m,07:15,2.2,686,39
216,PEPSU,Delhi to Jalandhar,https://www.redbus.in/bus-tickets/delhi-to-jalandhar,Banjara Satguru Travels,A/C Seater / Sleeper (2+2),22:50,07h 00m,05:50,2.2,496,30
217,PEPSU,Delhi to Jalandhar,https://www.redbus.in/bus-tickets/delhi-to-jalandhar,Golden Temple Express Volvo,A/C Seater / Sleeper (2+2),22:50,07h 07m,05:57,2.3,499,23
218,PEPSU,Delhi to Jalandhar,https://www.redbus.in/bus-tickets/delhi-to-jalandhar,ADTC tour and Travels,Bharat Benz A/C Seater /Sleeper (2+1),22:40,06h 20m,05:00,2.6,499,27
219,PEPSU,Delhi to Jalandhar,https://www.redbus.in/bus-tickets/delhi-to-jalandhar,Classic Travels,A/C Seater / Sleeper (2+2),22:05,08h 15m,06:20,2.2,599,22
220,PEPSU,Delhi to Jalandhar,https://www.redbus.in/bus-tickets/delhi-to-jalandhar,R S YADAV SMART BUS PRIVATE LIMITED,VE A/C Seater / Sleeper (2+1),18:30,07h 50m,02:20,4.3,490,35
221,PEPSU,Delhi to Jalandhar,https://www.redbus.in/bus-tickets/delhi-to-jalandhar,Shiv Mohan Travels,AC Sleeper (2+1),20:10,09h 05m,05:15,4.3,855,36
222,PEPSU,Delhi to Jalandhar,https://www.redbus.in/bus-tickets/delhi-to-jalandhar,ADTC tour and Travels,Volvo Multi-Axle I-Shift B11R Semi Sleeper (2+2),22:25,06h 35m,05:00,4.1,600,31
223,PEPSU,Delhi to Jalandhar,https://www.redbus.in/bus-tickets/delhi-to-jalandhar,K.S Travels,A/C Semi Sleeper / Sleeper (2+2),23:00,07h 15m,06:15,3.8,700,40
224,PEPSU,Delhi to Jalandhar,https://www.redbus.in/bus-tickets/delhi-to-jalandhar,Lavish Travels,A/C Seater / Sleeper (2+2),18:15,09h 15m,03:30,3.6,467,33
225,PEPSU,Delhi to Jalandhar,https://www.redbus.in/bus-tickets/delhi-to-jalandhar,Ashok Bus Service,VE A/C Seater / Sleeper (2+1),19:00,08h 30m,03:30,3.6,508,37
226,PEPSU,Delhi to Jalandhar,https://www.redbus.in/bus-tickets/delhi-to-jalandhar,New National Travels,A/C Seater / Sleeper (2+2),23:00,07h 00m,06:00,3.5,449,34
227,PEPSU,Delhi to Jalandhar,https://www.redbus.in/bus-tickets/delhi-to-jalandhar,Banjara Satguru Travels,A/C Seater / Sleeper (2+2),23:35,06h 30m,06:05,3.5,496,35
228,PEPSU,Delhi to Jalandhar,https://www.redbus.in/bus-tickets/delhi-to-jalandhar,Yolo Bus,A/C Seater/Sleeper (2+1),19:15,07h 55m,03:10,3.8,449,30
229,PEPSU,Delhi to Jalandhar,https://www.redbus.in/bus-tickets/delhi-to-jalandhar,Banjara Satguru Travels,A/C Seater / Sleeper (2+1),22:40,07h 26m,06:06,3.0,629,38
230,PEPSU,Delhi to Jalandhar,https://www.redbus.in/bus-tickets/delhi-to-jalandhar,RK Holiday,A/C Seater / Sleeper (2+2),18:40,06h 50m,01:30,2.9,474,33
231,PEPSU,Delhi to Jalandhar,https://www.redbus.in/bus-tickets/delhi-to-jalandhar,CALL2TRIP,A/C Seater / Sleeper (2+2),22:40,07h 00m,05:40,2.9,594,44
232,PEPSU,Delhi to Jalandhar,https://www.redbus.in/bus-tickets/delhi-to-jalandhar,Big Bus,A/C Seater / Sleeper (2+2),20:30,06h 00m,02:30,3.7,597,39
233,PEPSU,Delhi to Jalandhar,https://www.redbus.in/bus-tickets/delhi-to-jalandhar,Big Bus,A/C Seater / Sleeper (2+2),17:35,06h 10m,23:45,2.1,594,38
234,PEPSU,Delhi to Jalandhar,https://www.redbus.in/bus-tickets/delhi-to-jalandhar,NEW KING BUS SERVICE,A/C Seater / Sleeper (2+2),22:50,06h 45m,05:35,2.9,499,26
235,PEPSU,Delhi to Jalandhar,https://www.redbus.in/bus-tickets/delhi-to-jalandhar,CAPITAL HOLIDAYS,A/C Seater / Sleeper (2+2),15:30,07h 30m,23:00,1.2,539,37
236,PEPSU,Delhi to Jalandhar,https://www.redbus.in/bus-tickets/delhi-to-jalandhar,Ram Dalal Holidays,Bharat Benz A/C Sleeper (2+1),23:00,07h 50m,06:50,4.8,509,26
237,PEPSU,Delhi to Jalandhar,https://www.redbus.in/bus-tickets/delhi-to-jalandhar,FlixBus,A/C Sleeper (2+1),21:00,08h 15m,05:15,4.7,485,7
238,PEPSU,Delhi to Jalandhar,https://www.redbus.in/bus-tickets/delhi-to-jalandhar,FlixBus,A/C Sleeper (2+1),22:30,08h 05m,06:35,4.7,531,17
239,PEPSU,Delhi to Jalandhar,https://www.redbus.in/bus-tickets/delhi-to-jalandhar,FlixBus,A/C Sleeper (2+1),18:30,08h 15m,02:45,4.7,531,11
240,PEPSU,Delhi to Jalandhar,https://www.redbus.in/bus-tickets/delhi-to-jalandhar,India Tours & Travels (GetBookCab),A/C Seater / Sleeper (2+2),21:30,08h 30m,06:00,4.2,399,25
241,PEPSU,Delhi to Jalandhar,https://www.redbus.in/bus-tickets/delhi-to-jalandhar,ADTC tour and Travels,Bharat Benz A/C Seater / Sleeper (2+2),22:30,06h 30m,05:00,4.0,600,18
242,PEPSU,Delhi to Jalandhar,https://www.redbus.in/bus-tickets/delhi-to-jalandhar,B S Holiday Travels,A/C Seater / Sleeper (2+2),22:30,07h 30m,06:00,3.6,499,27
243,PEPSU,Delhi to Jalandhar,https://www.redbus.in/bus-tickets/delhi-to-jalandhar,Goel Tourist (Regd),A/C Seater / Sleeper (2+2),20:50,07h 00m,03:50,3.5,509,43
244,PEPSU,Delhi to Jalandhar,https://www.redbus.in/bus-tickets/delhi-to-jalandhar,Travel Point,A/C Seater / Sleeper (2+2),21:00,06h 21m,03:21,3.5,759,50
245,PEPSU,Delhi to Jalandhar,https://www.redbus.in/bus-tickets/delhi-to-jalandhar,Banjara Satguru Travels,A/C Seater / Sleeper (2+2),22:40,07h 26m,06:06,3.0,629,35
246,PEPSU,Delhi to Jalandhar,https://www.redbus.in/bus-tickets/delhi-to-jalandhar,Big Bus,A/C Seater / Sleeper (2+2),15:30,06h 10m,21:40,2.3,595,35
247,PEPSU,Delhi to Jalandhar,https://www.redbus.in/bus-tickets/delhi-to-jalandhar,Big Bus,A/C Seater / Sleeper (2+2),22:30,05h 00m,03:30,2.3,591,40
248,PEPSU,Delhi to Jalandhar,https://www.redbus.in/bus-tickets/delhi-to-jalandhar,Maheshwaram Travels,A/C Seater / Sleeper (2+2),21:00,08h 05m,05:05,1.7,666,33
249,PEPSU,Delhi to Jalandhar,https://www.redbus.in/bus-tickets/delhi-to-jalandhar,Travel Point World LLP,A/C Seater / Sleeper (2+2),22:15,06h 45m,05:00,1.5,664,28
250,PEPSU,Patiala to Delhi Airport,https://www.redbus.in/bus-tickets/patiala-to-delhi-airport,Indo Canadian Transport Pvt. Ltd.,A/C Semi Sleeper (2+2),16:00,07h 00m,23:00,4.4,2500,51
251,PEPSU,Patiala to Delhi Airport,https://www.redbus.in/bus-tickets/patiala-to-delhi-airport,Indo Canadian Transport Pvt. Ltd.,A/C Semi Sleeper (2+2),18:00,07h 00m,01:00,4.4,2500,44
252,PEPSU,Patiala to Delhi Airport,https://www.redbus.in/bus-tickets/patiala-to-delhi-airport,Indo Canadian Transport Pvt. Ltd.,A/C Sleeper (2+1),22:00,07h 00m,05:00,4.4,2500,28
253,PEPSU,Patiala to Delhi Airport,https://www.redbus.in/bus-tickets/patiala-to-delhi-airport,Indo Canadian Transport Pvt. Ltd.,A/C Sleeper (2+1),16:00,07h 00m,23:00,4.4,3000,42
254,PEPSU,Patiala to Delhi Airport,https://www.redbus.in/bus-tickets/patiala-to-delhi-airport,Indo Canadian Transport Pvt. Ltd.,A/C Sleeper (2+1),16:30,06h 30m,23:00,4.4,3000,42
255,PEPSU,Patiala to Delhi Airport,https://www.redbus.in/bus-tickets/patiala-to-delhi-airport,Indo Canadian Transport Pvt. Ltd.,A/C Semi Sleeper (2+2),18:30,06h 30m,01:00,4.4,3000,44
256,PEPSU,Patiala to Delhi Airport,https://www.redbus.in/bus-tickets/patiala-to-delhi-airport,Indo Canadian Transport Pvt. Ltd.,A/C Sleeper (2+1),22:30,06h 30m,05:00,4.4,3000,30
257,PEPSU,Patiala to Delhi Airport,https://www.redbus.in/bus-tickets/patiala-to-delhi-airport,Indo Canadian Transport Pvt. Ltd.,A/C Semi Sleeper (2+2),20:30,08h 30m,05:00,4.4,2500,51
258,PEPSU,Patiala to Delhi Airport,https://www.redbus.in/bus-tickets/patiala-to-delhi-airport,Indo Canadian Transport Pvt. Ltd.,A/C Sleeper (2+1),16:40,08h 30m,01:10,4.4,3000,42
259,PEPSU,Patiala to Delhi Airport,https://www.redbus.in/bus-tickets/patiala-to-delhi-airport,Indo Canadian Transport Pvt. Ltd.,A/C Sleeper (2+1),16:00,09h 00m,01:00,4.4,3850,42
260,PEPSU,Patiala to Delhi Airport,https://www.redbus.in/bus-tickets/patiala-to-delhi-airport,Indo Canadian Transport Pvt. Ltd.,A/C Sleeper (2+1),16:30,08h 30m,01:00,4.4,3850,42
261,PEPSU,Jalandhar to Delhi Airport,https://www.redbus.in/bus-tickets/jalandhar-to-delhi-airport,PEPSU (Punjab) - 67098,Volvo AC Seater (2+2),18:10,09h 55m,04:05,3.2,1130,27
262,PEPSU,Jalandhar to Delhi Airport,https://www.redbus.in/bus-tickets/jalandhar-to-delhi-airport,PEPSU (Punjab) - 67128,Volvo AC Seater (2+2),19:10,09h 40m,04:50,4.5,1130,37
263,PEPSU,Jalandhar to Delhi Airport,https://www.redbus.in/bus-tickets/jalandhar-to-delhi-airport,Indo Canadian Transport Pvt. Ltd.,A/C Semi Sleeper (2+2),18:00,11h 00m,05:00,4.1,3300,49
264,PEPSU,Jalandhar to Delhi Airport,https://www.redbus.in/bus-tickets/jalandhar-to-delhi-airport,Indo Canadian Transport Pvt. Ltd.,A/C Semi Sleeper (2+2),16:00,11h 00m,03:00,4.4,3300,33
265,PEPSU,Jalandhar to Delhi Airport,https://www.redbus.in/bus-tickets/jalandhar-to-delhi-airport,Indo Canadian Transport Pvt. Ltd.,A/C Sleeper (2+1),20:00,11h 00m,07:00,4.4,3850,35
266,PEPSU,Jalandhar to Delhi Airport,https://www.redbus.in/bus-tickets/jalandhar-to-delhi-airport,Indo Canadian Transport Pvt. Ltd.,A/C Semi Sleeper (2+2),23:55,11h 10m,11:05,4.4,3000,30
267,PEPSU,Jalandhar to Delhi Airport,https://www.redbus.in/bus-tickets/jalandhar-to-delhi-airport,Indo Canadian Transport Pvt. Ltd.,A/C Semi Sleeper (2+2),23:00,11h 00m,10:00,4.4,3300,30
268,PEPSU,Ludhiana to Delhi Airport,https://www.redbus.in/bus-tickets/ludhiana-to-delhi-airport,PEPSU (Punjab) - 67098,Volvo AC Seater (2+2),19:50,08h 15m,04:05,4.3,969,27
269,PEPSU,Ludhiana to Delhi Airport,https://www.redbus.in/bus-tickets/ludhiana-to-delhi-airport,PEPSU (Punjab) - 67128,Volvo AC Seater (2+2),20:50,08h 00m,04:50,3.9,969,37
270,PEPSU,Ludhiana to Delhi Airport,https://www.redbus.in/bus-tickets/ludhiana-to-delhi-airport,PEPSU (Punjab) - 67137,Volvo AC Seater (2+2),21:50,07h 50m,05:40,4.8,969,36
271,PEPSU,Ludhiana to Delhi Airport,https://www.redbus.in/bus-tickets/ludhiana-to-delhi-airport,Indo Canadian Transport Pvt. Ltd.,A/C Semi Sleeper (2+2),23:29,09h 31m,09:00,4.4,2500,44
272,PEPSU,Ludhiana to Delhi Airport,https://www.redbus.in/bus-tickets/ludhiana-to-delhi-airport,Indo Canadian Transport Pvt. Ltd.,A/C Semi Sleeper (2+2),17:29,09h 31m,03:00,4.4,3300,30
273,PEPSU,Ludhiana to Delhi Airport,https://www.redbus.in/bus-tickets/ludhiana-to-delhi-airport,Indo Canadian Transport Pvt. Ltd.,A/C Sleeper (2+1),21:29,09h 31m,07:00,4.4,3850,35
274,PEPSU,Ludhiana to Delhi Airport,https://www.redbus.in/bus-tickets/ludhiana-to-delhi-airport,Indo Canadian Transport Pvt. Ltd.,A/C Semi Sleeper (2+2),19:29,09h 31m,05:00,4.4,3300,44
275,PEPSU,Ludhiana to Delhi Airport,https://www.redbus.in/bus-tickets/ludhiana-to-delhi-airport,Indo Canadian Transport Pvt. Ltd.,A/C Sleeper (2+1),15:39,09h 31m,01:10,4.4,3000,42
276,PEPSU,Ludhiana to Delhi Airport,https://www.redbus.in/bus-tickets/ludhiana-to-delhi-airport,Indo Canadian Transport Pvt. Ltd.,A/C Sleeper (2+1),15:29,09h 31m,01:00,4.4,3850,42
277,PEPSU,Phagwara to Delhi Airport,https://www.redbus.in/bus-tickets/phagwara-to-delhi-airport,PEPSU (Punjab) - 67098,Volvo AC Seater (2+2),18:35,09h 30m,04:05,4.0,1078,24
278,PEPSU,Phagwara to Delhi Airport,https://www.redbus.in/bus-tickets/phagwara-to-delhi-airport,PEPSU (Punjab) - 67128,Volvo AC Seater (2+2),19:30,09h 20m,04:50,4.2,1078,34
279,PEPSU,Phagwara to Delhi Airport,https://www.redbus.in/bus-tickets/phagwara-to-delhi-airport,PEPSU (Punjab) - 67137,Volvo AC Seater (2+2),20:00,09h 40m,05:40,4.2,1078,32
280,PEPSU,Phagwara to Delhi Airport,https://www.redbus.in/bus-tickets/phagwara-to-delhi-airport,Indo Canadian Transport Pvt. Ltd.,A/C Semi Sleeper (2+2),23:35,10h 25m,10:00,4.4,3300,44
281,PEPSU,Phagwara to Delhi Airport,https://www.redbus.in/bus-tickets/phagwara-to-delhi-airport,Indo Canadian Transport Pvt. Ltd.,A/C Semi Sleeper (2+2),16:35,08h 25m,01:00,4.4,2500,44
282,PEPSU,Phagwara to Delhi Airport,https://www.redbus.in/bus-tickets/phagwara-to-delhi-airport,Indo Canadian Transport Pvt. Ltd.,A/C Semi Sleeper (2+2),18:35,08h 25m,03:00,4.4,2500,51
283,PEPSU,Phagwara to Delhi Airport,https://www.redbus.in/bus-tickets/phagwara-to-delhi-airport,Indo Canadian Transport Pvt. Ltd.,A/C Sleeper (2+1),20:35,08h 25m,05:00,4.4,2500,28
284,PEPSU,Phagwara to Delhi Airport,https://www.redbus.in/bus-tickets/phagwara-to-delhi-airport,Indo Canadian Transport Pvt. Ltd.,A/C Semi Sleeper (2+2),22:35,08h 25m,07:00,4.4,2500,44
285,PEPSU,Phagwara to Delhi Airport,https://www.redbus.in/bus-tickets/phagwara-to-delhi-airport,Indo Canadian Transport Pvt. Ltd.,A/C Semi Sleeper (2+2),16:43,08h 25m,01:08,4.4,2500,44
286,PEPSU,Phagwara to Delhi Airport,https://www.redbus.in/bus-tickets/phagwara-to-delhi-airport,Indo Canadian Transport Pvt. Ltd.,A/C Semi Sleeper (2+2),22:35,10h 25m,09:00,4.4,2500,44
287,PEPSU,Phagwara to Delhi Airport,https://www.redbus.in/bus-tickets/phagwara-to-delhi-airport,Indo Canadian Transport Pvt. Ltd.,A/C Semi Sleeper (2+2),16:35,10h 25m,03:00,4.4,3000,44
288,PEPSU,Phagwara to Delhi Airport,https://www.redbus.in/bus-tickets/phagwara-to-delhi-airport,Indo Canadian Transport Pvt. Ltd.,A/C Sleeper (2+1),20:35,10h 25m,07:00,4.4,3000,30
289,PEPSU,Phagwara to Delhi Airport,https://www.redbus.in/bus-tickets/phagwara-to-delhi-airport,Indo Canadian Transport Pvt. Ltd.,A/C Semi Sleeper (2+2),18:35,10h 25m,05:00,4.4,2500,51
290,PEPSU,Delhi Airport to Ludhiana,https://www.redbus.in/bus-tickets/delhi-airport-to-ludhiana,PEPSU (Punjab) - 67121,Volvo AC Seater (2+2),21:00,07h 50m,04:50,4.1,969,39
291,PEPSU,Delhi Airport to Ludhiana,https://www.redbus.in/bus-tickets/delhi-airport-to-ludhiana,PEPSU (Punjab) - 67064,Volvo AC Seater (2+2),23:58,08h 00m,07:58,4.1,969,36
292,PEPSU,Delhi Airport to Ludhiana,https://www.redbus.in/bus-tickets/delhi-airport-to-ludhiana,Zingbus Plus,Bharat Benz A/C Seater /Sleeper (2+1),17:20,09h 05m,02:25,4.3,1075,18
293,PEPSU,Delhi Airport to Ludhiana,https://www.redbus.in/bus-tickets/delhi-airport-to-ludhiana,Indo Canadian Transport Pvt. Ltd.,A/C Semi Sleeper (2+2),19:30,10h 15m,05:45,4.4,3300,50
294,PEPSU,Delhi Airport to Ludhiana,https://www.redbus.in/bus-tickets/delhi-airport-to-ludhiana,Indo Canadian Transport Pvt. Ltd.,A/C Sleeper (2+1),22:00,10h 15m,08:15,4.4,3850,42
295,PEPSU,Delhi Airport to Ludhiana,https://www.redbus.in/bus-tickets/delhi-airport-to-ludhiana,Indo Canadian Transport Pvt. Ltd.,A/C Semi Sleeper (2+2),16:00,10h 15m,02:15,4.4,3000,30
296,PEPSU,Delhi Airport to Ludhiana,https://www.redbus.in/bus-tickets/delhi-airport-to-ludhiana,Indo Canadian Transport Pvt. Ltd.,A/C Semi Sleeper (2+2),16:30,10h 15m,02:45,4.4,3300,51
297,PEPSU,Delhi Airport to Ludhiana,https://www.redbus.in/bus-tickets/delhi-airport-to-ludhiana,Indo Canadian Transport Pvt. Ltd.,A/C Semi Sleeper (2+2),23:30,10h 15m,09:45,4.4,3300,39
298,PEPSU,Delhi Airport to Ludhiana,https://www.redbus.in/bus-tickets/delhi-airport-to-ludhiana,Indo Canadian Transport Pvt. Ltd.,A/C Semi Sleeper (2+2),17:00,10h 15m,03:15,4.4,2500,51
299,PEPSU,Delhi Airport to Ludhiana,https://www.redbus.in/bus-tickets/delhi-airport-to-ludhiana,Indo Canadian Transport Pvt. Ltd.,A/C Semi Sleeper (2+2),15:30,10h 15m,01:45,4.4,2500,51
300,PEPSU,Delhi Airport to Ludhiana,https://www.redbus.in/bus-tickets/delhi-airport-to-ludhiana,Zingbus Plus,Scania A/C Semi Sleeper (2+2),19:50,09h 35m,05:25,4.3,836,17
301,PEPSU,Delhi to Phagwara,https://www.redbus.in/bus-tickets/delhi-to-phagwara,Laxmi holidays,Bharat Benz A/C Seater /Sleeper (2+1),22:20,07h 00m,05:20,4.5,442,15
302,PEPSU,Delhi to Phagwara,https://www.redbus.in/bus-tickets/delhi-to-phagwara,Laxmi holidays,Bharat Benz A/C Seater /Sleeper (2+1),22:00,07h 50m,05:50,4.4,399,20
303,PEPSU,Delhi to Phagwara,https://www.redbus.in/bus-tickets/delhi-to-phagwara,Laxmi holidays,Bharat Benz A/C Sleeper (2+1),23:40,07h 35m,07:15,4.3,583,17
304,PEPSU,Delhi to Phagwara,https://www.redbus.in/bus-tickets/delhi-to-phagwara,Laxmi holidays,Bharat Benz A/C Sleeper (2+1),23:30,07h 10m,06:40,4.8,570,25
305,PEPSU,Delhi to Phagwara,https://www.redbus.in/bus-tickets/delhi-to-phagwara,IntrCity SmartBus,A/C Seater / Sleeper (2+1),20:15,09h 05m,05:20,4.9,421,15
306,PEPSU,Delhi to Phagwara,https://www.redbus.in/bus-tickets/delhi-to-phagwara,Zingbus Plus,Bharat Benz A/C Seater /Sleeper (2+1),20:25,06h 45m,03:10,4.7,660,21
307,PEPSU,Delhi to Phagwara,https://www.redbus.in/bus-tickets/delhi-to-phagwara,Golden Temple Express Volvo,A/C Seater / Sleeper (2+2),22:58,06h 42m,05:40,3.7,499,28
308,PEPSU,Delhi to Phagwara,https://www.redbus.in/bus-tickets/delhi-to-phagwara,IntrCity SmartBus,Bharat Benz A/C Seater /Sleeper (2+1),21:30,07h 55m,05:25,4.8,429,11
309,PEPSU,Delhi to Phagwara,https://www.redbus.in/bus-tickets/delhi-to-phagwara,IntrCity SmartBus,A/C Seater / Sleeper (2+1),22:45,08h 25m,07:10,4.8,454,12
310,PEPSU,Delhi to Phagwara,https://www.redbus.in/bus-tickets/delhi-to-phagwara,Yolo Bus,VE A/C Seater / Sleeper (2+1),22:00,07h 04m,05:04,4.6,410,23
311,PEPSU,Delhi to Phagwara,https://www.redbus.in/bus-tickets/delhi-to-phagwara,New Navyug Travels,A/C Sleeper (2+1),22:45,06h 30m,05:15,4.1,625,15
312,PEPSU,Delhi to Phagwara,https://www.redbus.in/bus-tickets/delhi-to-phagwara,Yolo Bus,VE A/C Seater / Sleeper (2+1),23:30,06h 30m,06:00,4.2,400,21
313,PEPSU,Delhi to Phagwara,https://www.redbus.in/bus-tickets/delhi-to-phagwara,IntrCity SmartBus,A/C Seater / Sleeper (2+1),20:45,08h 05m,04:50,4.6,641,6
314,PEPSU,Delhi to Phagwara,https://www.redbus.in/bus-tickets/delhi-to-phagwara,IntrCity SmartBus,Bharat Benz A/C Seater /Sleeper (2+1),22:15,08h 15m,06:30,3.9,518,14
315,PEPSU,Delhi to Phagwara,https://www.redbus.in/bus-tickets/delhi-to-phagwara,Ram Dalal Holidays,A/C Seater/Sleeper (2+1),18:30,07h 10m,01:40,4.9,495,20
316,PEPSU,Delhi to Phagwara,https://www.redbus.in/bus-tickets/delhi-to-phagwara,Laxmi holidays,Volvo 9600 Multi-Axle A/C Sleeper (2+1),18:30,07h 10m,01:40,4.7,950,15
317,PEPSU,Delhi to Phagwara,https://www.redbus.in/bus-tickets/delhi-to-phagwara,IntrCity SmartBus,A/C Seater / Sleeper (2+1),21:45,08h 10m,05:55,4.4,428,18
318,PEPSU,Delhi to Phagwara,https://www.redbus.in/bus-tickets/delhi-to-phagwara,IntrCity SmartBus,AC Sleeper (2+1),22:30,08h 15m,06:45,3.4,586,7
319,PEPSU,Delhi to Phagwara,https://www.redbus.in/bus-tickets/delhi-to-phagwara,Golden Temple Express Volvo,A/C Seater / Sleeper (2+2),22:55,06h 55m,05:50,3.1,499,26
320,PEPSU,Delhi to Phagwara,https://www.redbus.in/bus-tickets/delhi-to-phagwara,IntrCity SmartBus,A/C Seater / Sleeper (2+1),21:30,09h 00m,06:30,4.1,490,15
321,PEPSU,Delhi to Phagwara,https://www.redbus.in/bus-tickets/delhi-to-phagwara,IntrCity SmartBus,A/C Seater / Sleeper (2+1),22:00,08h 50m,06:50,4.1,490,17
322,PEPSU,Delhi to Phagwara,https://www.redbus.in/bus-tickets/delhi-to-phagwara,NueGo,Electric A/C Seater/Sleeper (2+1),22:00,08h 10m,06:10,3.0,569,26
323,PEPSU,Delhi to Phagwara,https://www.redbus.in/bus-tickets/delhi-to-phagwara,Muskan Tour And Travels private Limited,Volvo Multi-Axle I-Shift B11R Semi Sleeper (2+2),22:40,05h 50m,04:30,2.9,554,24
324,PEPSU,Delhi to Phagwara,https://www.redbus.in/bus-tickets/delhi-to-phagwara,Golden Temple Volvo Bus Service,A/C Seater / Sleeper (2+2),23:40,07h 35m,07:15,1.9,686,47
325,PEPSU,Delhi to Phagwara,https://www.redbus.in/bus-tickets/delhi-to-phagwara,Banjara Satguru Travels,A/C Seater / Sleeper (2+2),22:50,06h 30m,05:20,2.0,496,29
326,PEPSU,Delhi to Phagwara,https://www.redbus.in/bus-tickets/delhi-to-phagwara,IntrCity SmartBus,A/C Seater / Sleeper (2+1),21:00,08h 30m,05:30,4.5,651,40
327,PEPSU,Delhi to Phagwara,https://www.redbus.in/bus-tickets/delhi-to-phagwara,IntrCity SmartBus,VE A/C Seater / Sleeper (2+1),22:30,08h 15m,06:45,4.5,490,19
328,PEPSU,Delhi to Phagwara,https://www.redbus.in/bus-tickets/delhi-to-phagwara,Zingbus Plus,Bharat Benz A/C Seater /Sleeper (2+1),21:55,08h 20m,06:15,4.6,430,30
329,PEPSU,Delhi to Phagwara,https://www.redbus.in/bus-tickets/delhi-to-phagwara,India Tours & Travels (GetBookCab),A/C Semi Sleeper / Sleeper (2+2),21:45,07h 55m,05:40,3.9,399,14
330,PEPSU,Delhi to Phagwara,https://www.redbus.in/bus-tickets/delhi-to-phagwara,Golden Temple Express Volvo,A/C Seater / Sleeper (2+2),22:50,06h 45m,05:35,3.7,499,26
331,PEPSU,Delhi to Phagwara,https://www.redbus.in/bus-tickets/delhi-to-phagwara,ADTC tour and Travels,Bharat Benz A/C Seater /Sleeper (2+1),22:40,06h 05m,04:45,3.6,499,27
332,PEPSU,Delhi to Phagwara,https://www.redbus.in/bus-tickets/delhi-to-phagwara,Lavish Travels,A/C Seater / Sleeper (2+2),18:15,09h 00m,03:15,3.6,467,33
333,PEPSU,Delhi to Phagwara,https://www.redbus.in/bus-tickets/delhi-to-phagwara,Zingbus Plus,Scania A/C Semi Sleeper (2+2),22:50,07h 20m,06:10,4.0,388,27
334,PEPSU,Delhi to Phagwara,https://www.redbus.in/bus-tickets/delhi-to-phagwara,IntrCity SmartBus,AC Sleeper (2+1),23:00,08h 10m,07:10,4.1,850,28
335,PEPSU,Delhi to Phagwara,https://www.redbus.in/bus-tickets/delhi-to-phagwara,CALL2TRIP,A/C Seater / Sleeper (2+2),22:40,06h 30m,05:10,3.0,594,44
336,PEPSU,Delhi to Phagwara,https://www.redbus.in/bus-tickets/delhi-to-phagwara,RK Holiday,A/C Seater / Sleeper (2+2),18:40,06h 20m,01:00,2.9,474,33
337,PEPSU,Delhi to Phagwara,https://www.redbus.in/bus-tickets/delhi-to-phagwara,ADTC tour and Travels,Volvo Multi-Axle I-Shift B11R Semi Sleeper (2+2),22:25,06h 15m,04:40,3.6,600,43
338,PEPSU,Delhi to Phagwara,https://www.redbus.in/bus-tickets/delhi-to-phagwara,Banjara Satguru Travels,A/C Seater / Sleeper (2+2),23:35,06h 00m,05:35,1.4,496,33
339,PEPSU,Delhi to Phagwara,https://www.redbus.in/bus-tickets/delhi-to-phagwara,Ram Dalal Holidays,Bharat Benz A/C Sleeper (2+1),23:00,07h 30m,06:30,4.9,509,26
340,PEPSU,Delhi to Phagwara,https://www.redbus.in/bus-tickets/delhi-to-phagwara,IntrCity SmartBus,Bharat Benz A/C Seater /Sleeper (2+1),20:00,09h 10m,05:10,4.5,998,40
341,PEPSU,Delhi to Phagwara,https://www.redbus.in/bus-tickets/delhi-to-phagwara,Classic Travels,A/C Seater / Sleeper (2+2),22:05,07h 30m,05:35,2.6,599,22
342,PEPSU,Delhi to Phagwara,https://www.redbus.in/bus-tickets/delhi-to-phagwara,Yolo Bus,A/C Seater/Sleeper (2+1),19:15,07h 25m,02:40,4.4,449,31
343,PEPSU,Delhi to Phagwara,https://www.redbus.in/bus-tickets/delhi-to-phagwara,India Tours & Travels (GetBookCab),A/C Seater / Sleeper (2+2),21:30,08h 00m,05:30,3.9,399,25
344,PEPSU,Delhi to Phagwara,https://www.redbus.in/bus-tickets/delhi-to-phagwara,Banjara Satguru Travels,A/C Seater / Sleeper (2+1),22:40,07h 06m,05:46,1.7,629,38
345,PEPSU,Delhi to Phagwara,https://www.redbus.in/bus-tickets/delhi-to-phagwara,ADTC tour and Travels,Bharat Benz A/C Seater / Sleeper (2+2),22:30,06h 15m,04:45,3.6,600,50
346,PEPSU,Delhi to Phagwara,https://www.redbus.in/bus-tickets/delhi-to-phagwara,Goel Tourist (Regd),A/C Seater / Sleeper (2+2),20:50,06h 25m,03:15,3.5,509,43
347,PEPSU,Delhi to Phagwara,https://www.redbus.in/bus-tickets/delhi-to-phagwara,Maheshwaram Travels,A/C Seater / Sleeper (2+2),19:40,09h 20m,05:00,1.7,666,34
348,PEPSU,Delhi to Phagwara,https://www.redbus.in/bus-tickets/delhi-to-phagwara,Banjara Satguru Travels,A/C Seater / Sleeper (2+2),22:40,07h 06m,05:46,1.7,629,35
349,PEPSU,Delhi to Amritsar,https://www.redbus.in/bus-tickets/delhi-to-amritsar,PEPSU (Punjab) - 67121,Volvo AC Seater (2+2),21:50,10h 30m,08:20,3.8,1216,39
350,PEPSU,Delhi to Amritsar,https://www.redbus.in/bus-tickets/delhi-to-amritsar,IntrCity SmartBus,A/C Seater / Sleeper (2+1),21:45,10h 15m,08:00,4.6,428,18
351,PEPSU,Delhi to Amritsar,https://www.redbus.in/bus-tickets/delhi-to-amritsar,R S YADAV SMART BUS PRIVATE LIMITED,Volvo Multi Axle B11R AC Seater\Sleeper (2+1),22:40,08h 30m,07:10,4.5,599,24
352,PEPSU,Delhi to Amritsar,https://www.redbus.in/bus-tickets/delhi-to-amritsar,AdLaxmi holidays,Bharat Benz A/C Seater /Sleeper (2+1),22:20,08h 55m,07:15,4.2,380,20
353,PEPSU,Delhi to Amritsar,https://www.redbus.in/bus-tickets/delhi-to-amritsar,IntrCity SmartBus,A/C Seater / Sleeper (2+1),23:58,08h 57m,08:55,4.5,478,12
354,PEPSU,Delhi to Amritsar,https://www.redbus.in/bus-tickets/delhi-to-amritsar,Yolo Bus,VE A/C Seater / Sleeper (2+1),22:33,08h 31m,07:04,4.4,400,13
355,PEPSU,Delhi to Amritsar,https://www.redbus.in/bus-tickets/delhi-to-amritsar,Laxmi holidays,Bharat Benz A/C Seater /Sleeper (2+1),22:40,08h 25m,07:05,4.3,442,15
356,PEPSU,Delhi to Amritsar,https://www.redbus.in/bus-tickets/delhi-to-amritsar,AdLaxmi holidays,Bharat Benz A/C Sleeper (2+1),23:55,09h 05m,09:00,4.2,583,17
357,PEPSU,Delhi to Amritsar,https://www.redbus.in/bus-tickets/delhi-to-amritsar,Yolo Bus,VE A/C Seater / Sleeper (2+1),23:59,08h 06m,08:05,4.4,460,12
358,PEPSU,Delhi to Amritsar,https://www.redbus.in/bus-tickets/delhi-to-amritsar,Laxmi holidays,VE A/C Sleeper (2+1),23:20,08h 55m,08:15,4.4,570,20
359,PEPSU,Delhi to Amritsar,https://www.redbus.in/bus-tickets/delhi-to-amritsar,Laxmi holidays,Bharat Benz A/C Sleeper (2+1),23:50,08h 55m,08:45,4.3,570,25
360,PEPSU,Delhi to Amritsar,https://www.redbus.in/bus-tickets/delhi-to-amritsar,IntrCity SmartBus,A/C Seater / Sleeper (2+1),21:30,09h 10m,06:40,4.4,641,6
361,PEPSU,Delhi to Amritsar,https://www.redbus.in/bus-tickets/delhi-to-amritsar,Zingbus Plus,Scania A/C Semi Sleeper (2+2),22:50,09h 20m,08:10,4.6,425,15
362,PEPSU,Delhi to Amritsar,https://www.redbus.in/bus-tickets/delhi-to-amritsar,IntrCity SmartBus,A/C Seater / Sleeper (2+1),22:00,09h 15m,07:15,4.3,421,15
363,PEPSU,Delhi to Amritsar,https://www.redbus.in/bus-tickets/delhi-to-amritsar,Muskan Tour And Travels private Limited,Volvo Multi-Axle I-Shift B11R Semi Sleeper (2+2),22:55,07h 35m,06:30,4.3,554,24
364,PEPSU,Delhi to Amritsar,https://www.redbus.in/bus-tickets/delhi-to-amritsar,IntrCity SmartBus,Bharat Benz A/C Seater /Sleeper (2+1),22:30,08h 45m,07:15,4.0,452,11
365,PEPSU,Delhi to Amritsar,https://www.redbus.in/bus-tickets/delhi-to-amritsar,IntrCity SmartBus,Bharat Benz A/C Seater /Sleeper (2+1),22:15,10h 00m,08:15,4.4,518,14
366,PEPSU,Delhi to Amritsar,https://www.redbus.in/bus-tickets/delhi-to-amritsar,Golden Temple Express Volvo,A/C Seater / Sleeper (2+2),23:20,07h 55m,07:15,3.8,499,16
367,PEPSU,Delhi to Amritsar,https://www.redbus.in/bus-tickets/delhi-to-amritsar,Golden Temple Express Volvo,A/C Seater / Sleeper (2+2),23:15,08h 03m,07:18,3.9,499,18
368,PEPSU,Delhi to Amritsar,https://www.redbus.in/bus-tickets/delhi-to-amritsar,IntrCity SmartBus,A/C Seater / Sleeper (2+1),23:10,09h 10m,08:20,4.3,490,15
369,PEPSU,Delhi to Amritsar,https://www.redbus.in/bus-tickets/delhi-to-amritsar,Zingbus Plus,Bharat Benz A/C Seater /Sleeper (2+1),22:25,09h 35m,08:00,4.6,424,24
370,PEPSU,Delhi to Amritsar,https://www.redbus.in/bus-tickets/delhi-to-amritsar,ADTC tour and Travels,Volvo Multi-Axle I-Shift B11R Semi Sleeper (2+2),22:35,07h 50m,06:25,4.0,600,29
371,PEPSU,Delhi to Amritsar,https://www.redbus.in/bus-tickets/delhi-to-amritsar,ADTC tour and Travels,Bharat Benz A/C Seater /Sleeper (2+1),22:50,07h 40m,06:30,3.5,499,26
372,PEPSU,Delhi to Amritsar,https://www.redbus.in/bus-tickets/delhi-to-amritsar,IntrCity SmartBus,A/C Seater / Sleeper (2+1),23:40,09h 10m,08:50,4.3,490,17
373,PEPSU,Delhi to Amritsar,https://www.redbus.in/bus-tickets/delhi-to-amritsar,NueGo,Electric A/C Seater/Sleeper (2+1),22:25,09h 25m,07:50,3.0,569,23
374,PEPSU,Delhi to Amritsar,https://www.redbus.in/bus-tickets/delhi-to-amritsar,CALL2TRIP,A/C Seater / Sleeper (2+2),22:59,08h 11m,07:10,3.1,594,44
375,PEPSU,Delhi to Amritsar,https://www.redbus.in/bus-tickets/delhi-to-amritsar,Classic Travels,A/C Seater / Sleeper (2+2),22:05,09h 15m,07:20,2.5,499,22
376,PEPSU,Delhi to Amritsar,https://www.redbus.in/bus-tickets/delhi-to-amritsar,Golden Temple Volvo Bus Service,A/C Seater / Sleeper (2+2),00:15,08h 55m,09:10,2.7,686,39
377,PEPSU,Delhi to Amritsar,https://www.redbus.in/bus-tickets/delhi-to-amritsar,Banjara Satguru Travels,A/C Seater / Sleeper (2+2),23:20,07h 40m,07:00,2.6,496,30
378,PEPSU,Delhi to Amritsar,https://www.redbus.in/bus-tickets/delhi-to-amritsar,K.S Travels,A/C Semi Sleeper / Sleeper (2+2),23:00,08h 00m,07:00,4.5,700,32
379,PEPSU,Delhi to Amritsar,https://www.redbus.in/bus-tickets/delhi-to-amritsar,Golden Temple Express Volvo,A/C Seater / Sleeper (2+2),23:10,08h 05m,07:15,3.3,499,23
380,PEPSU,Delhi to Amritsar,https://www.redbus.in/bus-tickets/delhi-to-amritsar,IntrCity SmartBus,VE A/C Seater / Sleeper (2+1),00:05,08h 30m,08:35,4.0,490,19
381,PEPSU,Delhi to Amritsar,https://www.redbus.in/bus-tickets/delhi-to-amritsar,New National Travels,A/C Seater / Sleeper (2+2),23:30,07h 30m,07:00,3.1,449,34
382,PEPSU,Delhi to Amritsar,https://www.redbus.in/bus-tickets/delhi-to-amritsar,Banjara Satguru Travels,A/C Seater / Sleeper (2+2),00:10,07h 25m,07:35,2.7,496,35
383,PEPSU,Delhi to Amritsar,https://www.redbus.in/bus-tickets/delhi-to-amritsar,Ram Dalal Holidays,Bharat Benz A/C Sleeper (2+1),23:20,08h 45m,08:05,3.4,509,26
384,PEPSU,Delhi to Amritsar,https://www.redbus.in/bus-tickets/delhi-to-amritsar,NEW KING BUS SERVICE,A/C Seater / Sleeper (2+2),23:35,06h 55m,06:30,2.7,499,25
385,PEPSU,Delhi to Amritsar,https://www.redbus.in/bus-tickets/delhi-to-amritsar,Travel Point World LLP,A/C Seater / Sleeper (2+2),22:15,08h 15m,06:30,1.3,664,28
386,PEPSU,Delhi to Amritsar,https://www.redbus.in/bus-tickets/delhi-to-amritsar,FlixBus,A/C Sleeper (2+1),23:25,08h 30m,07:55,3.2,582,17
387,PEPSU,Amritsar to Delhi,https://www.redbus.in/bus-tickets/amritsar-to-delhi,IntrCity SmartBus,A/C Seater / Sleeper (2+1),21:30,09h 00m,06:30,4.6,619,18
388,PEPSU,Amritsar to Delhi,https://www.redbus.in/bus-tickets/amritsar-to-delhi,Yolo Bus,VE A/C Seater / Sleeper (2+1),19:56,09h 04m,05:00,4.5,850,9
389,PEPSU,Amritsar to Delhi,https://www.redbus.in/bus-tickets/amritsar-to-delhi,Laxmi holidays,Bharat Benz A/C Sleeper (2+1),22:30,09h 00m,07:30,4.4,1026,10
390,PEPSU,Amritsar to Delhi,https://www.redbus.in/bus-tickets/amritsar-to-delhi,AdLaxmi holidays,Bharat Benz A/C Seater /Sleeper (2+1),19:30,09h 15m,04:45,4.3,608,15
391,PEPSU,Amritsar to Delhi,https://www.redbus.in/bus-tickets/amritsar-to-delhi,Yolo Bus,VE A/C Seater / Sleeper (2+1),22:11,08h 17m,06:28,4.4,490,9
392,PEPSU,Amritsar to Delhi,https://www.redbus.in/bus-tickets/amritsar-to-delhi,IntrCity SmartBus,A/C Seater / Sleeper (2+1),23:00,08h 00m,07:00,4.5,577,19
393,PEPSU,Amritsar to Delhi,https://www.redbus.in/bus-tickets/amritsar-to-delhi,R S YADAV SMART BUS PRIVATE LIMITED,Volvo Multi Axle B11R AC Seater\Sleeper (2+1),21:25,08h 40m,06:05,4.4,599,4
394,PEPSU,Amritsar to Delhi,https://www.redbus.in/bus-tickets/amritsar-to-delhi,AdLaxmi holidays,VE A/C Sleeper (2+1),21:30,09h 15m,06:45,4.2,760,21
395,PEPSU,Amritsar to Delhi,https://www.redbus.in/bus-tickets/amritsar-to-delhi,Laxmi holidays,Bharat Benz A/C Seater /Sleeper (2+1),21:00,09h 20m,06:20,4.3,525,29
396,PEPSU,Amritsar to Delhi,https://www.redbus.in/bus-tickets/amritsar-to-delhi,IntrCity SmartBus,A/C Seater / Sleeper (2+1),22:30,08h 15m,06:45,4.4,1401,2
397,PEPSU,Amritsar to Delhi,https://www.redbus.in/bus-tickets/amritsar-to-delhi,Muskan Tour And Travels private Limited,Volvo Multi-Axle I-Shift B11R Semi Sleeper (2+2),22:15,07h 40m,05:55,4.5,647,33
398,PEPSU,Amritsar to Delhi,https://www.redbus.in/bus-tickets/amritsar-to-delhi,SHRI BALAJII TRAVELS,Volvo A/C Semi Sleeper (2+2),21:00,09h 15m,06:15,0.0,4000,32
399,PEPSU,Amritsar to Delhi,https://www.redbus.in/bus-tickets/amritsar-to-delhi,Laxmi holidays,Bharat Benz A/C Sleeper (2+1),21:50,09h 10m,07:00,4.2,760,17
400,PEPSU,Amritsar to Delhi,https://www.redbus.in/bus-tickets/amritsar-to-delhi,IntrCity SmartBus,A/C Seater / Sleeper (2+1),20:45,09h 10m,05:55,4.4,765,14
401,PEPSU,Amritsar to Delhi,https://www.redbus.in/bus-tickets/amritsar-to-delhi,Golden Temple Express Volvo,Volvo Multi-Axle A/C Semi Sleeper (2+2),22:15,08h 05m,06:20,4.1,699,17
402,PEPSU,Amritsar to Delhi,https://www.redbus.in/bus-tickets/amritsar-to-delhi,IntrCity SmartBus,Bharat Benz A/C Seater /Sleeper (2+1),22:00,08h 40m,06:40,4.3,641,15
403,PEPSU,Amritsar to Delhi,https://www.redbus.in/bus-tickets/amritsar-to-delhi,ADTC tour and Travels,Volvo Multi-Axle I-Shift B11R Semi Sleeper (2+2),21:20,07h 50m,05:10,4.0,699,26
404,PEPSU,Amritsar to Delhi,https://www.redbus.in/bus-tickets/amritsar-to-delhi,IntrCity SmartBus,Bharat Benz A/C Seater /Sleeper (2+1),21:15,08h 50m,06:05,4.0,649,15
405,PEPSU,Amritsar to Delhi,https://www.redbus.in/bus-tickets/amritsar-to-delhi,Golden Temple Express Volvo,A/C Seater / Sleeper (2+2),21:00,08h 20m,05:20,3.8,649,20
406,PEPSU,Amritsar to Delhi,https://www.redbus.in/bus-tickets/amritsar-to-delhi,Zingbus Plus,Scania A/C Semi Sleeper (2+2),21:10,09h 55m,07:05,4.2,583,29
407,PEPSU,Amritsar to Delhi,https://www.redbus.in/bus-tickets/amritsar-to-delhi,Golden Temple Express Volvo,A/C Seater / Sleeper (2+2),20:45,08h 35m,05:20,3.6,699,18
408,PEPSU,Amritsar to Delhi,https://www.redbus.in/bus-tickets/amritsar-to-delhi,IntrCity SmartBus,A/C Seater / Sleeper (2+1),19:45,09h 20m,05:05,4.3,696,7
409,PEPSU,Amritsar to Delhi,https://www.redbus.in/bus-tickets/amritsar-to-delhi,ADTC tour and Travels,Bharat Benz A/C Seater /Sleeper (2+1),21:45,07h 30m,05:15,3.3,549,23
410,PEPSU,Amritsar to Delhi,https://www.redbus.in/bus-tickets/amritsar-to-delhi,Golden Temple Volvo Bus Service,A/C Seater / Sleeper (2+2),23:05,08h 05m,07:10,3.1,686,39
411,PEPSU,Amritsar to Delhi,https://www.redbus.in/bus-tickets/amritsar-to-delhi,Prince Travels,A/C Seater / Sleeper (2+2),22:10,07h 50m,06:00,3.0,599,34
412,PEPSU,Amritsar to Delhi,https://www.redbus.in/bus-tickets/amritsar-to-delhi,IntrCity SmartBus,A/C Seater / Sleeper (2+1),20:30,09h 15m,05:45,3.6,1003,6
413,PEPSU,Amritsar to Delhi,https://www.redbus.in/bus-tickets/amritsar-to-delhi,Zingbus Plus,Bharat Benz A/C Seater /Sleeper (2+1),20:20,09h 40m,06:00,3.5,630,21
414,PEPSU,Amritsar to Delhi,https://www.redbus.in/bus-tickets/amritsar-to-delhi,K.S Travels,A/C Semi Sleeper / Sleeper (2+2),22:30,07h 00m,05:30,4.0,600,39
415,PEPSU,Amritsar to Delhi,https://www.redbus.in/bus-tickets/amritsar-to-delhi,IntrCity SmartBus,A/C Seater / Sleeper (2+1),21:45,09h 10m,06:55,3.7,794,14
416,PEPSU,Amritsar to Delhi,https://www.redbus.in/bus-tickets/amritsar-to-delhi,IntrCity SmartBus,VE A/C Seater / Sleeper (2+1),21:00,08h 55m,05:55,4.3,661,12
417,PEPSU,Amritsar to Delhi,https://www.redbus.in/bus-tickets/amritsar-to-delhi,NueGo,Electric A/C Seater/Sleeper (2+1),22:45,09h 40m,08:25,3.4,569,13
418,PEPSU,Amritsar to Delhi,https://www.redbus.in/bus-tickets/amritsar-to-delhi,Golden Temple Express Volvo,A/C Seater / Sleeper (2+2),22:40,07h 50m,06:30,3.0,699,18
419,PEPSU,Amritsar to Delhi,https://www.redbus.in/bus-tickets/amritsar-to-delhi,Golden Temple Express Volvo,A/C Seater / Sleeper (2+2),22:30,08h 20m,06:50,3.7,989,1
420,PEPSU,Amritsar to Delhi,https://www.redbus.in/bus-tickets/amritsar-to-delhi,SHREE SATGURU TRAVELS,A/C Seater / Sleeper (2+2),22:05,07h 40m,05:45,3.0,599,38
421,PEPSU,Amritsar to Delhi,https://www.redbus.in/bus-tickets/amritsar-to-delhi,ADTC tour and Travels,Volvo Multi-Axle I-Shift B11R Semi Sleeper (2+2),21:30,08h 10m,05:40,3.7,600,15
422,PEPSU,Amritsar to Delhi,https://www.redbus.in/bus-tickets/amritsar-to-delhi,Banjara Satguru Travels,A/C Seater / Sleeper (2+2),23:05,08h 50m,07:55,2.6,539,16
423,PEPSU,Amritsar to Delhi,https://www.redbus.in/bus-tickets/amritsar-to-delhi,Golden Temple Express Volvo,A/C Seater / Sleeper (2+2),22:30,08h 20m,06:50,2.8,699,18
424,PEPSU,Amritsar to Delhi,https://www.redbus.in/bus-tickets/amritsar-to-delhi,ADTC tour and Travels,Bharat Benz A/C Seater / Sleeper (2+2),21:30,07h 45m,05:15,3.8,600,20
425,PEPSU,Amritsar to Delhi,https://www.redbus.in/bus-tickets/amritsar-to-delhi,Khurana Bus Service,Bharat Benz A/C Seater (2+2),23:15,07h 45m,07:00,3.3,499,35
426,PEPSU,Amritsar to Delhi,https://www.redbus.in/bus-tickets/amritsar-to-delhi,Banjara Satguru Travels,A/C Seater / Sleeper (2+1),22:45,08h 25m,07:10,2.5,676,18
427,PEPSU,Delhi Airport to Patiala,https://www.redbus.in/bus-tickets/delhi-airport-to-patiala,Indo Canadian Transport Pvt. Ltd.,A/C Semi Sleeper (2+2),15:30,06h 00m,21:30,4.4,2500,51
428,PEPSU,Delhi Airport to Patiala,https://www.redbus.in/bus-tickets/delhi-airport-to-patiala,Indo Canadian Transport Pvt. Ltd.,A/C Semi Sleeper (2+2),15:30,09h 00m,00:30,4.4,3300,51
429,PEPSU,Delhi Airport to Patiala,https://www.redbus.in/bus-tickets/delhi-airport-to-patiala,Indo Canadian Transport Pvt. Ltd.,A/C Semi Sleeper (2+2),16:30,09h 00m,01:30,4.4,3300,51
430,PEPSU,Delhi Airport to Patiala,https://www.redbus.in/bus-tickets/delhi-airport-to-patiala,Indo Canadian Transport Pvt. Ltd.,A/C Semi Sleeper (2+2),17:30,06h 00m,23:30,4.4,2500,51
431,PEPSU,Delhi Airport to Patiala,https://www.redbus.in/bus-tickets/delhi-airport-to-patiala,Indo Canadian Transport Pvt. Ltd.,A/C Semi Sleeper (2+2),19:30,09h 00m,04:30,4.4,2500,51
432,PEPSU,Delhi Airport to Patiala,https://www.redbus.in/bus-tickets/delhi-airport-to-patiala,Indo Canadian Transport Pvt. Ltd.,A/C Semi Sleeper (2+2),20:30,06h 00m,02:30,4.4,2500,51
433,PEPSU,Delhi Airport to Patiala,https://www.redbus.in/bus-tickets/delhi-airport-to-patiala,Indo Canadian Transport Pvt. Ltd.,A/C Sleeper (2+1),22:00,09h 00m,07:00,4.4,3000,42
434,PEPSU,Delhi Airport to Patiala,https://www.redbus.in/bus-tickets/delhi-airport-to-patiala,Indo Canadian Transport Pvt. Ltd.,A/C Semi Sleeper (2+2),23:30,06h 00m,05:30,4.4,2500,44
435,PEPSU,Delhi Airport to Patiala,https://www.redbus.in/bus-tickets/delhi-airport-to-patiala,Indo Canadian Transport Pvt. Ltd.,A/C Semi Sleeper (2+2),23:30,06h 00m,05:30,4.4,2500,44
436,PEPSU,Delhi Airport to Patiala,https://www.redbus.in/bus-tickets/delhi-airport-to-patiala,Indo Canadian Transport Pvt. Ltd.,A/C Semi Sleeper (2+2),23:30,09h 00m,08:30,4.4,3300,44
437,PEPSU,Amritsar to Delhi Airport,https://www.redbus.in/bus-tickets/amritsar-to-delhi-airport,PEPSU (Punjab) - 67150,Volvo AC Seater (2+2),22:00,11h 22m,09:22,3.8,1340,39
438,PEPSU,Amritsar to Delhi Airport,https://www.redbus.in/bus-tickets/amritsar-to-delhi-airport,Indo Canadian Transport Pvt. Ltd.,A/C Semi Sleeper (2+2),21:00,13h 00m,10:00,4.4,3300,44
439,PEPSU,Amritsar to Delhi Airport,https://www.redbus.in/bus-tickets/amritsar-to-delhi-airport,Indo Canadian Transport Pvt. Ltd.,A/C Sleeper (2+1),18:00,11h 00m,05:00,4.4,2500,28
440,PEPSU,Amritsar to Delhi Airport,https://www.redbus.in/bus-tickets/amritsar-to-delhi-airport,Indo Canadian Transport Pvt. Ltd.,A/C Semi Sleeper (2+2),20:00,11h 00m,07:00,4.4,2500,44
441,PEPSU,Amritsar to Delhi Airport,https://www.redbus.in/bus-tickets/amritsar-to-delhi-airport,Indo Canadian Transport Pvt. Ltd.,A/C Sleeper (2+1),21:55,11h 00m,08:55,4.4,3000,30
442,PEPSU,Amritsar to Delhi Airport,https://www.redbus.in/bus-tickets/amritsar-to-delhi-airport,Indo Canadian Transport Pvt. Ltd.,A/C Sleeper (2+1),18:00,13h 00m,07:00,4.4,3850,34
443,PEPSU,Amritsar to Delhi Airport,https://www.redbus.in/bus-tickets/amritsar-to-delhi-airport,Indo Canadian Transport Pvt. Ltd.,A/C Semi Sleeper (2+2),16:00,13h 00m,05:00,4.4,3300,51
444,PEPSU,Delhi Airport to Jalandhar,https://www.redbus.in/bus-tickets/delhi-airport-to-jalandhar,PEPSU (Punjab) - 67121,Volvo AC Seater (2+2),21:00,09h 20m,06:20,2.6,1130,39
445,PEPSU,Delhi Airport to Jalandhar,https://www.redbus.in/bus-tickets/delhi-airport-to-jalandhar,PEPSU (Punjab) - 67064,Volvo AC Seater (2+2),23:58,09h 00m,08:58,2.6,1130,36
446,PEPSU,Delhi Airport to Jalandhar,https://www.redbus.in/bus-tickets/delhi-airport-to-jalandhar,Zingbus Plus,Bharat Benz A/C Seater /Sleeper (2+1),17:20,10h 15m,03:35,4.3,1076,18
447,PEPSU,Delhi Airport to Jalandhar,https://www.redbus.in/bus-tickets/delhi-airport-to-jalandhar,Indo Canadian Transport Pvt. Ltd.,A/C Semi Sleeper (2+2),16:30,11h 45m,04:15,4.4,3300,51
448,PEPSU,Delhi Airport to Jalandhar,https://www.redbus.in/bus-tickets/delhi-airport-to-jalandhar,Indo Canadian Transport Pvt. Ltd.,A/C Semi Sleeper (2+2),23:30,11h 45m,11:15,4.4,3300,41
449,PEPSU,Delhi Airport to Jalandhar,https://www.redbus.in/bus-tickets/delhi-airport-to-jalandhar,Indo Canadian Transport Pvt. Ltd.,A/C Semi Sleeper (2+2),19:30,11h 45m,07:15,4.4,3300,51
450,PEPSU,Delhi Airport to Jalandhar,https://www.redbus.in/bus-tickets/delhi-airport-to-jalandhar,Indo Canadian Transport Pvt. Ltd.,A/C Sleeper (2+1),22:00,11h 45m,09:45,4.4,3850,39
451,PEPSU,Delhi Airport to Jalandhar,https://www.redbus.in/bus-tickets/delhi-airport-to-jalandhar,Indo Canadian Transport Pvt. Ltd.,A/C Semi Sleeper (2+2),16:00,11h 45m,03:45,4.4,3300,43
452,PEPSU,Delhi Airport to Jalandhar,https://www.redbus.in/bus-tickets/delhi-airport-to-jalandhar,Zingbus Plus,Scania A/C Semi Sleeper (2+2),19:50,10h 30m,06:20,4.3,804,18
453,PEPSU,Chandigarh to Bathinda,https://www.redbus.in/bus-tickets/chandigarh-to-bathinda,Orbit Aviation Pvt. Ltd.,A/C Seater (2+2),15:25,03h 45m,19:10,4.2,500,20
454,PEPSU,Chandigarh to Bathinda,https://www.redbus.in/bus-tickets/chandigarh-to-bathinda,NEW FATEH BUS SERVICE,Volvo A/C Semi Sleeper (2+2),16:25,03h 50m,20:15,4.4,510,31
455,PEPSU,Chandigarh to Bathinda,https://www.redbus.in/bus-tickets/chandigarh-to-bathinda,Orbit Aviation Pvt. Ltd.,A/C Seater (2+2),16:55,03h 45m,20:40,3.1,600,34
456,PEPSU,Chandigarh to Bathinda,https://www.redbus.in/bus-tickets/chandigarh-to-bathinda,RATHORE TRAVELS AGENCY,AC Sleeper (2+1),18:30,04h 45m,23:15,4.8,700,15
457,PEPSU,Chandigarh to Bathinda,https://www.redbus.in/bus-tickets/chandigarh-to-bathinda,Zimindara Travels,AC Sleeper (2+1),20:00,05h 30m,01:30,4.1,810,31
458,PEPSU,Chandigarh to Bathinda,https://www.redbus.in/bus-tickets/chandigarh-to-bathinda,Rajpreet Travels and cargo,A/C Sleeper (2+1),20:00,05h 15m,01:15,3.4,666,36
459,PEPSU,Chandigarh to Bathinda,https://www.redbus.in/bus-tickets/chandigarh-to-bathinda,Zimindara Travels,AC Sleeper (2+1),20:30,05h 20m,01:50,4.1,810,36
460,PEPSU,Chandigarh to Bathinda,https://www.redbus.in/bus-tickets/chandigarh-to-bathinda,Rajpreet Travels and cargo,A/C Sleeper (2+1),20:40,05h 20m,02:00,3.4,858,34
461,PEPSU,Chandigarh to Bathinda,https://www.redbus.in/bus-tickets/chandigarh-to-bathinda,Rajpreet Travels and cargo,A/C Sleeper (2+1),21:00,04h 30m,01:30,3.4,905,34
462,PEPSU,Chandigarh to Bathinda,https://www.redbus.in/bus-tickets/chandigarh-to-bathinda,Orbit Aviation Pvt. Ltd.,A/C Sleeper (2+1),21:30,04h 00m,01:30,3.6,875,42
463,PEPSU,Chandigarh to Bathinda,https://www.redbus.in/bus-tickets/chandigarh-to-bathinda,AMBIKA MISHRA TRAVELS,AC Sleeper (2+1),20:40,04h 30m,01:10,2.5,650,29
464,PEPSU,Chandigarh to Bathinda,https://www.redbus.in/bus-tickets/chandigarh-to-bathinda,Rajpreet Travels and cargo,A/C Sleeper (2+1),19:00,04h 00m,23:00,3.4,950,21
465,PEPSU,Chandigarh to Bathinda,https://www.redbus.in/bus-tickets/chandigarh-to-bathinda,Abhimanyu Tours and Travels,AshokLeyland Stile A/C,22:20,03h 30m,01:50,2.8,1300,10
466,PEPSU,Chandigarh to Faridkot,https://www.redbus.in/bus-tickets/chandigarh-to-faridkot,Jujhar Travels,Volvo A/C Semi Sleeper (2+2),16:20,04h 25m,20:45,4.0,600,39
467,PEPSU,Chandigarh to Patiala,https://www.redbus.in/bus-tickets/chandigarh-to-patiala,Orbit Aviation Pvt. Ltd.,A/C Seater (2+2),15:25,01h 20m,16:45,3.7,200,22
468,PEPSU,Chandigarh to Patiala,https://www.redbus.in/bus-tickets/chandigarh-to-patiala,Orbit Aviation Pvt. Ltd.,A/C Seater (2+2),16:55,01h 35m,18:30,2.7,200,39
469,PEPSU,Chandigarh to Patiala,https://www.redbus.in/bus-tickets/chandigarh-to-patiala,NEW FATEH BUS SERVICE,Volvo A/C Semi Sleeper (2+2),16:25,01h 35m,18:00,3.2,510,31
470,PEPSU,Chandigarh to Patiala,https://www.redbus.in/bus-tickets/chandigarh-to-patiala,Abhimanyu Tours and Travels,AshokLeyland Stile A/C,22:20,00h 40m,23:00,2.8,1300,10
